class	path
com.bumptech.glide.Initializer	/tmp/projects/glide/library/src/main/java/com/bumptech/glide/Initializer.java
com.bumptech.glide.GeneratedAppGlideModule	/tmp/projects/glide/library/src/main/java/com/bumptech/glide/GeneratedAppGlideModule.java
com.bumptech.glide.module.AppGlideModule	/tmp/projects/glide/library/src/main/java/com/bumptech/glide/module/AppGlideModule.java
com.bumptech.glide.module.LibraryGlideModule	/tmp/projects/glide/library/src/main/java/com/bumptech/glide/module/LibraryGlideModule.java
com.bumptech.glide.module.RegistersComponents	/tmp/projects/glide/library/src/main/java/com/bumptech/glide/module/RegistersComponents.java
com.bumptech.glide.module.AppliesOptions	/tmp/projects/glide/library/src/main/java/com/bumptech/glide/module/AppliesOptions.java
com.bumptech.glide.load.engine.prefill.PreFillType	/tmp/projects/glide/library/src/main/java/com/bumptech/glide/load/engine/prefill/PreFillType.java
com.bumptech.glide.load.engine.prefill.PreFillType$Builder	/tmp/projects/glide/library/src/main/java/com/bumptech/glide/load/engine/prefill/PreFillType.java
com.bumptech.glide.util.GlideSuppliers	/tmp/projects/glide/library/src/main/java/com/bumptech/glide/util/GlideSuppliers.java
com.bumptech.glide.util.GlideSuppliers$GlideSupplier	/tmp/projects/glide/library/src/main/java/com/bumptech/glide/util/GlideSuppliers.java
com.bumptech.glide.util.GlideSuppliers$1	/tmp/projects/glide/library/src/main/java/com/bumptech/glide/util/GlideSuppliers.java
com.bumptech.glide.Glide	/tmp/projects/glide/library/src/main/java/com/bumptech/glide/Glide.java
com.bumptech.glide.Glide$RequestOptionsFactory	/tmp/projects/glide/library/src/main/java/com/bumptech/glide/Glide.java
com.bumptech.glide.GlideExperiments	/tmp/projects/glide/library/src/main/java/com/bumptech/glide/GlideExperiments.java
com.bumptech.glide.GlideExperiments$Experiment	/tmp/projects/glide/library/src/main/java/com/bumptech/glide/GlideExperiments.java
com.bumptech.glide.GlideExperiments$Builder	/tmp/projects/glide/library/src/main/java/com/bumptech/glide/GlideExperiments.java
com.bumptech.glide.GlideBuilder	/tmp/projects/glide/library/src/main/java/com/bumptech/glide/GlideBuilder.java
com.bumptech.glide.GlideBuilder$1	/tmp/projects/glide/library/src/main/java/com/bumptech/glide/GlideBuilder.java
com.bumptech.glide.GlideBuilder$2	/tmp/projects/glide/library/src/main/java/com/bumptech/glide/GlideBuilder.java
com.bumptech.glide.GlideBuilder$ManualOverrideHardwareBitmapMaxFdCount	/tmp/projects/glide/library/src/main/java/com/bumptech/glide/GlideBuilder.java
com.bumptech.glide.GlideBuilder$WaitForFramesAfterTrimMemory	/tmp/projects/glide/library/src/main/java/com/bumptech/glide/GlideBuilder.java
com.bumptech.glide.GlideBuilder$EnableImageDecoderForBitmaps	/tmp/projects/glide/library/src/main/java/com/bumptech/glide/GlideBuilder.java
com.bumptech.glide.GlideBuilder$LogRequestOrigins	/tmp/projects/glide/library/src/main/java/com/bumptech/glide/GlideBuilder.java
com.bumptech.glide.GlideBuilder$EnableLazyGlideRegistry	/tmp/projects/glide/library/src/main/java/com/bumptech/glide/GlideBuilder.java
com.bumptech.glide.manager.RequestManagerRetriever	/tmp/projects/glide/library/src/main/java/com/bumptech/glide/manager/RequestManagerRetriever.java
com.bumptech.glide.manager.RequestManagerRetriever$RequestManagerFactory	/tmp/projects/glide/library/src/main/java/com/bumptech/glide/manager/RequestManagerRetriever.java
com.bumptech.glide.manager.RequestManagerRetriever$1	/tmp/projects/glide/library/src/main/java/com/bumptech/glide/manager/RequestManagerRetriever.java
com.bumptech.glide.manager.Lifecycle	/tmp/projects/glide/library/src/main/java/com/bumptech/glide/manager/Lifecycle.java
com.bumptech.glide.manager.RequestManagerTreeNode	/tmp/projects/glide/library/src/main/java/com/bumptech/glide/manager/RequestManagerTreeNode.java
com.bumptech.glide.request.RequestOptions	/tmp/projects/glide/library/src/main/java/com/bumptech/glide/request/RequestOptions.java
com.bumptech.glide.RequestManager	/tmp/projects/glide/library/src/main/java/com/bumptech/glide/RequestManager.java
com.bumptech.glide.RequestManager$1	/tmp/projects/glide/library/src/main/java/com/bumptech/glide/RequestManager.java
com.bumptech.glide.RequestManager$RequestManagerConnectivityListener	/tmp/projects/glide/library/src/main/java/com/bumptech/glide/RequestManager.java
com.bumptech.glide.RequestManager$ClearTarget	/tmp/projects/glide/library/src/main/java/com/bumptech/glide/RequestManager.java
com.bumptech.glide.manager.LifecycleListener	/tmp/projects/glide/library/src/main/java/com/bumptech/glide/manager/LifecycleListener.java
com.bumptech.glide.ModelTypes	/tmp/projects/glide/library/src/main/java/com/bumptech/glide/ModelTypes.java
com.bumptech.glide.request.BaseRequestOptions	/tmp/projects/glide/library/src/main/java/com/bumptech/glide/request/BaseRequestOptions.java
com.bumptech.glide.RequestBuilder	/tmp/projects/glide/library/src/main/java/com/bumptech/glide/RequestBuilder.java
com.bumptech.glide.manager.RequestTracker	/tmp/projects/glide/library/src/main/java/com/bumptech/glide/manager/RequestTracker.java
com.bumptech.glide.manager.TargetTracker	/tmp/projects/glide/library/src/main/java/com/bumptech/glide/manager/TargetTracker.java
com.bumptech.glide.manager.ConnectivityMonitor	/tmp/projects/glide/library/src/main/java/com/bumptech/glide/manager/ConnectivityMonitor.java
com.bumptech.glide.manager.ConnectivityMonitor$ConnectivityListener	/tmp/projects/glide/library/src/main/java/com/bumptech/glide/manager/ConnectivityMonitor.java
com.bumptech.glide.request.RequestListener	/tmp/projects/glide/library/src/main/java/com/bumptech/glide/request/RequestListener.java
com.bumptech.glide.manager.ConnectivityMonitorFactory	/tmp/projects/glide/library/src/main/java/com/bumptech/glide/manager/ConnectivityMonitorFactory.java
com.bumptech.glide.load.resource.gif.GifDrawable	/tmp/projects/glide/library/src/main/java/com/bumptech/glide/load/resource/gif/GifDrawable.java
com.bumptech.glide.load.resource.gif.GifDrawable$GifState	/tmp/projects/glide/library/src/main/java/com/bumptech/glide/load/resource/gif/GifDrawable.java
com.bumptech.glide.load.resource.gif.GifFrameLoader	/tmp/projects/glide/library/src/main/java/com/bumptech/glide/load/resource/gif/GifFrameLoader.java
com.bumptech.glide.load.resource.gif.GifFrameLoader$FrameCallback	/tmp/projects/glide/library/src/main/java/com/bumptech/glide/load/resource/gif/GifFrameLoader.java
com.bumptech.glide.load.resource.gif.GifFrameLoader$FrameLoaderCallback	/tmp/projects/glide/library/src/main/java/com/bumptech/glide/load/resource/gif/GifFrameLoader.java
com.bumptech.glide.load.resource.gif.GifFrameLoader$DelayTarget	/tmp/projects/glide/library/src/main/java/com/bumptech/glide/load/resource/gif/GifFrameLoader.java
com.bumptech.glide.load.resource.gif.GifFrameLoader$OnEveryFrameListener	/tmp/projects/glide/library/src/main/java/com/bumptech/glide/load/resource/gif/GifFrameLoader.java
com.bumptech.glide.request.target.Target	/tmp/projects/glide/library/src/main/java/com/bumptech/glide/request/target/Target.java
com.bumptech.glide.request.Request	/tmp/projects/glide/library/src/main/java/com/bumptech/glide/request/Request.java
com.bumptech.glide.TransitionOptions	/tmp/projects/glide/library/src/main/java/com/bumptech/glide/TransitionOptions.java
com.bumptech.glide.request.transition.TransitionFactory	/tmp/projects/glide/library/src/main/java/com/bumptech/glide/request/transition/TransitionFactory.java
com.bumptech.glide.request.transition.ViewPropertyTransition	/tmp/projects/glide/library/src/main/java/com/bumptech/glide/request/transition/ViewPropertyTransition.java
com.bumptech.glide.request.transition.ViewPropertyTransition$Animator	/tmp/projects/glide/library/src/main/java/com/bumptech/glide/request/transition/ViewPropertyTransition.java
com.bumptech.glide.request.transition.Transition	/tmp/projects/glide/library/src/main/java/com/bumptech/glide/request/transition/Transition.java
com.bumptech.glide.request.transition.Transition$ViewAdapter	/tmp/projects/glide/library/src/main/java/com/bumptech/glide/request/transition/Transition.java
com.bumptech.glide.load.DataSource	/tmp/projects/glide/library/src/main/java/com/bumptech/glide/load/DataSource.java
com.bumptech.glide.request.target.SizeReadyCallback	/tmp/projects/glide/library/src/main/java/com/bumptech/glide/request/target/SizeReadyCallback.java
com.bumptech.glide.load.engine.bitmap_recycle.BitmapPool	/tmp/projects/glide/library/src/main/java/com/bumptech/glide/load/engine/bitmap_recycle/BitmapPool.java
com.bumptech.glide.load.Transformation	/tmp/projects/glide/library/src/main/java/com/bumptech/glide/load/Transformation.java
com.bumptech.glide.load.Key	/tmp/projects/glide/library/src/main/java/com/bumptech/glide/load/Key.java
com.bumptech.glide.load.engine.Resource	/tmp/projects/glide/library/src/main/java/com/bumptech/glide/load/engine/Resource.java
com.bumptech.glide.request.target.CustomTarget	/tmp/projects/glide/library/src/main/java/com/bumptech/glide/request/target/CustomTarget.java
com.bumptech.glide.load.engine.GlideException	/tmp/projects/glide/library/src/main/java/com/bumptech/glide/load/engine/GlideException.java
com.bumptech.glide.load.engine.GlideException$IndentedAppendable	/tmp/projects/glide/library/src/main/java/com/bumptech/glide/load/engine/GlideException.java
com.bumptech.glide.GlideContext	/tmp/projects/glide/library/src/main/java/com/bumptech/glide/GlideContext.java
com.bumptech.glide.request.target.ViewTarget	/tmp/projects/glide/library/src/main/java/com/bumptech/glide/request/target/ViewTarget.java
com.bumptech.glide.request.target.ViewTarget$1	/tmp/projects/glide/library/src/main/java/com/bumptech/glide/request/target/ViewTarget.java
com.bumptech.glide.request.target.ViewTarget$SizeDeterminer	/tmp/projects/glide/library/src/main/java/com/bumptech/glide/request/target/ViewTarget.java
com.bumptech.glide.request.target.ViewTarget$SizeDeterminer$SizeDeterminerLayoutListener	/tmp/projects/glide/library/src/main/java/com/bumptech/glide/request/target/ViewTarget.java
com.bumptech.glide.request.target.BaseTarget	/tmp/projects/glide/library/src/main/java/com/bumptech/glide/request/target/BaseTarget.java
com.bumptech.glide.request.FutureTarget	/tmp/projects/glide/library/src/main/java/com/bumptech/glide/request/FutureTarget.java
com.bumptech.glide.Priority	/tmp/projects/glide/library/src/main/java/com/bumptech/glide/Priority.java
com.bumptech.glide.request.RequestCoordinator	/tmp/projects/glide/library/src/main/java/com/bumptech/glide/request/RequestCoordinator.java
com.bumptech.glide.request.RequestCoordinator$RequestState	/tmp/projects/glide/library/src/main/java/com/bumptech/glide/request/RequestCoordinator.java
com.bumptech.glide.load.engine.bitmap_recycle.ArrayPool	/tmp/projects/glide/library/src/main/java/com/bumptech/glide/load/engine/bitmap_recycle/ArrayPool.java
com.bumptech.glide.Registry	/tmp/projects/glide/library/src/main/java/com/bumptech/glide/Registry.java
com.bumptech.glide.Registry$NoModelLoaderAvailableException	/tmp/projects/glide/library/src/main/java/com/bumptech/glide/Registry.java
com.bumptech.glide.Registry$NoResultEncoderAvailableException	/tmp/projects/glide/library/src/main/java/com/bumptech/glide/Registry.java
com.bumptech.glide.Registry$NoSourceEncoderAvailableException	/tmp/projects/glide/library/src/main/java/com/bumptech/glide/Registry.java
com.bumptech.glide.Registry$MissingComponentException	/tmp/projects/glide/library/src/main/java/com/bumptech/glide/Registry.java
com.bumptech.glide.Registry$NoImageHeaderParserException	/tmp/projects/glide/library/src/main/java/com/bumptech/glide/Registry.java
com.bumptech.glide.request.target.ImageViewTargetFactory	/tmp/projects/glide/library/src/main/java/com/bumptech/glide/request/target/ImageViewTargetFactory.java
com.bumptech.glide.load.engine.EngineResource	/tmp/projects/glide/library/src/main/java/com/bumptech/glide/load/engine/EngineResource.java
com.bumptech.glide.load.engine.EngineResource$ResourceListener	/tmp/projects/glide/library/src/main/java/com/bumptech/glide/load/engine/EngineResource.java
com.bumptech.glide.load.engine.Engine	/tmp/projects/glide/library/src/main/java/com/bumptech/glide/load/engine/Engine.java
com.bumptech.glide.load.engine.Engine$LoadStatus	/tmp/projects/glide/library/src/main/java/com/bumptech/glide/load/engine/Engine.java
com.bumptech.glide.load.engine.Engine$LazyDiskCacheProvider	/tmp/projects/glide/library/src/main/java/com/bumptech/glide/load/engine/Engine.java
com.bumptech.glide.load.engine.Engine$DecodeJobFactory	/tmp/projects/glide/library/src/main/java/com/bumptech/glide/load/engine/Engine.java
com.bumptech.glide.load.engine.Engine$DecodeJobFactory$1	/tmp/projects/glide/library/src/main/java/com/bumptech/glide/load/engine/Engine.java
com.bumptech.glide.load.engine.Engine$EngineJobFactory	/tmp/projects/glide/library/src/main/java/com/bumptech/glide/load/engine/Engine.java
com.bumptech.glide.load.engine.Engine$EngineJobFactory$1	/tmp/projects/glide/library/src/main/java/com/bumptech/glide/load/engine/Engine.java
com.bumptech.glide.load.engine.EngineJobListener	/tmp/projects/glide/library/src/main/java/com/bumptech/glide/load/engine/EngineJobListener.java
com.bumptech.glide.load.engine.cache.MemoryCache	/tmp/projects/glide/library/src/main/java/com/bumptech/glide/load/engine/cache/MemoryCache.java
com.bumptech.glide.load.engine.cache.MemoryCache$ResourceRemovedListener	/tmp/projects/glide/library/src/main/java/com/bumptech/glide/load/engine/cache/MemoryCache.java
com.bumptech.glide.load.engine.Jobs	/tmp/projects/glide/library/src/main/java/com/bumptech/glide/load/engine/Jobs.java
com.bumptech.glide.load.engine.EngineKeyFactory	/tmp/projects/glide/library/src/main/java/com/bumptech/glide/load/engine/EngineKeyFactory.java
com.bumptech.glide.load.engine.ResourceRecycler	/tmp/projects/glide/library/src/main/java/com/bumptech/glide/load/engine/ResourceRecycler.java
com.bumptech.glide.load.engine.ResourceRecycler$ResourceRecyclerCallback	/tmp/projects/glide/library/src/main/java/com/bumptech/glide/load/engine/ResourceRecycler.java
com.bumptech.glide.util.pool.FactoryPools	/tmp/projects/glide/library/src/main/java/com/bumptech/glide/util/pool/FactoryPools.java
com.bumptech.glide.util.pool.FactoryPools$1	/tmp/projects/glide/library/src/main/java/com/bumptech/glide/util/pool/FactoryPools.java
com.bumptech.glide.util.pool.FactoryPools$2	/tmp/projects/glide/library/src/main/java/com/bumptech/glide/util/pool/FactoryPools.java
com.bumptech.glide.util.pool.FactoryPools$3	/tmp/projects/glide/library/src/main/java/com/bumptech/glide/util/pool/FactoryPools.java
com.bumptech.glide.util.pool.FactoryPools$Factory	/tmp/projects/glide/library/src/main/java/com/bumptech/glide/util/pool/FactoryPools.java
com.bumptech.glide.util.pool.FactoryPools$Resetter	/tmp/projects/glide/library/src/main/java/com/bumptech/glide/util/pool/FactoryPools.java
com.bumptech.glide.util.pool.FactoryPools$Poolable	/tmp/projects/glide/library/src/main/java/com/bumptech/glide/util/pool/FactoryPools.java
com.bumptech.glide.util.pool.FactoryPools$FactoryPool	/tmp/projects/glide/library/src/main/java/com/bumptech/glide/util/pool/FactoryPools.java
com.bumptech.glide.load.engine.DecodeJob	/tmp/projects/glide/library/src/main/java/com/bumptech/glide/load/engine/DecodeJob.java
com.bumptech.glide.load.engine.DecodeJob$DecodeCallback	/tmp/projects/glide/library/src/main/java/com/bumptech/glide/load/engine/DecodeJob.java
com.bumptech.glide.load.engine.DecodeJob$ReleaseManager	/tmp/projects/glide/library/src/main/java/com/bumptech/glide/load/engine/DecodeJob.java
com.bumptech.glide.load.engine.DecodeJob$DeferredEncodeManager	/tmp/projects/glide/library/src/main/java/com/bumptech/glide/load/engine/DecodeJob.java
com.bumptech.glide.load.engine.DecodeJob$Callback	/tmp/projects/glide/library/src/main/java/com/bumptech/glide/load/engine/DecodeJob.java
com.bumptech.glide.load.engine.DecodeJob$DiskCacheProvider	/tmp/projects/glide/library/src/main/java/com/bumptech/glide/load/engine/DecodeJob.java
com.bumptech.glide.load.engine.DecodeJob$RunReason	/tmp/projects/glide/library/src/main/java/com/bumptech/glide/load/engine/DecodeJob.java
com.bumptech.glide.load.engine.DecodeJob$Stage	/tmp/projects/glide/library/src/main/java/com/bumptech/glide/load/engine/DecodeJob.java
com.bumptech.glide.load.engine.DataFetcherGenerator	/tmp/projects/glide/library/src/main/java/com/bumptech/glide/load/engine/DataFetcherGenerator.java
com.bumptech.glide.load.engine.DataFetcherGenerator$FetcherReadyCallback	/tmp/projects/glide/library/src/main/java/com/bumptech/glide/load/engine/DataFetcherGenerator.java
com.bumptech.glide.load.engine.ActiveResources	/tmp/projects/glide/library/src/main/java/com/bumptech/glide/load/engine/ActiveResources.java
com.bumptech.glide.load.engine.ActiveResources$1	/tmp/projects/glide/library/src/main/java/com/bumptech/glide/load/engine/ActiveResources.java
com.bumptech.glide.load.engine.ActiveResources$1$1	/tmp/projects/glide/library/src/main/java/com/bumptech/glide/load/engine/ActiveResources.java
com.bumptech.glide.load.engine.ActiveResources$2	/tmp/projects/glide/library/src/main/java/com/bumptech/glide/load/engine/ActiveResources.java
com.bumptech.glide.load.engine.ActiveResources$DequeuedResourceCallback	/tmp/projects/glide/library/src/main/java/com/bumptech/glide/load/engine/ActiveResources.java
com.bumptech.glide.load.engine.ActiveResources$ResourceWeakReference	/tmp/projects/glide/library/src/main/java/com/bumptech/glide/load/engine/ActiveResources.java
com.bumptech.glide.load.engine.cache.DiskCache	/tmp/projects/glide/library/src/main/java/com/bumptech/glide/load/engine/cache/DiskCache.java
com.bumptech.glide.load.engine.cache.DiskCache$Factory	/tmp/projects/glide/library/src/main/java/com/bumptech/glide/load/engine/cache/DiskCache.java
com.bumptech.glide.load.engine.cache.DiskCache$Writer	/tmp/projects/glide/library/src/main/java/com/bumptech/glide/load/engine/cache/DiskCache.java
com.bumptech.glide.load.engine.executor.GlideExecutor	/tmp/projects/glide/library/src/main/java/com/bumptech/glide/load/engine/executor/GlideExecutor.java
com.bumptech.glide.load.engine.executor.GlideExecutor$UncaughtThrowableStrategy	/tmp/projects/glide/library/src/main/java/com/bumptech/glide/load/engine/executor/GlideExecutor.java
com.bumptech.glide.load.engine.executor.GlideExecutor$UncaughtThrowableStrategy$1	/tmp/projects/glide/library/src/main/java/com/bumptech/glide/load/engine/executor/GlideExecutor.java
com.bumptech.glide.load.engine.executor.GlideExecutor$UncaughtThrowableStrategy$2	/tmp/projects/glide/library/src/main/java/com/bumptech/glide/load/engine/executor/GlideExecutor.java
com.bumptech.glide.load.engine.executor.GlideExecutor$UncaughtThrowableStrategy$3	/tmp/projects/glide/library/src/main/java/com/bumptech/glide/load/engine/executor/GlideExecutor.java
com.bumptech.glide.load.engine.executor.GlideExecutor$DefaultPriorityThreadFactory	/tmp/projects/glide/library/src/main/java/com/bumptech/glide/load/engine/executor/GlideExecutor.java
com.bumptech.glide.load.engine.executor.GlideExecutor$DefaultPriorityThreadFactory$1	/tmp/projects/glide/library/src/main/java/com/bumptech/glide/load/engine/executor/GlideExecutor.java
com.bumptech.glide.load.engine.executor.GlideExecutor$DefaultThreadFactory	/tmp/projects/glide/library/src/main/java/com/bumptech/glide/load/engine/executor/GlideExecutor.java
com.bumptech.glide.load.engine.executor.GlideExecutor$DefaultThreadFactory$1	/tmp/projects/glide/library/src/main/java/com/bumptech/glide/load/engine/executor/GlideExecutor.java
com.bumptech.glide.load.engine.executor.GlideExecutor$Builder	/tmp/projects/glide/library/src/main/java/com/bumptech/glide/load/engine/executor/GlideExecutor.java
com.bumptech.glide.load.engine.DiskCacheStrategy	/tmp/projects/glide/library/src/main/java/com/bumptech/glide/load/engine/DiskCacheStrategy.java
com.bumptech.glide.load.engine.DiskCacheStrategy$1	/tmp/projects/glide/library/src/main/java/com/bumptech/glide/load/engine/DiskCacheStrategy.java
com.bumptech.glide.load.engine.DiskCacheStrategy$2	/tmp/projects/glide/library/src/main/java/com/bumptech/glide/load/engine/DiskCacheStrategy.java
com.bumptech.glide.load.engine.DiskCacheStrategy$3	/tmp/projects/glide/library/src/main/java/com/bumptech/glide/load/engine/DiskCacheStrategy.java
com.bumptech.glide.load.engine.DiskCacheStrategy$4	/tmp/projects/glide/library/src/main/java/com/bumptech/glide/load/engine/DiskCacheStrategy.java
com.bumptech.glide.load.engine.DiskCacheStrategy$5	/tmp/projects/glide/library/src/main/java/com/bumptech/glide/load/engine/DiskCacheStrategy.java
com.bumptech.glide.load.Options	/tmp/projects/glide/library/src/main/java/com/bumptech/glide/load/Options.java
com.bumptech.glide.request.ResourceCallback	/tmp/projects/glide/library/src/main/java/com/bumptech/glide/request/ResourceCallback.java
com.bumptech.glide.load.engine.EngineKey	/tmp/projects/glide/library/src/main/java/com/bumptech/glide/load/engine/EngineKey.java
com.bumptech.glide.load.engine.EngineJob	/tmp/projects/glide/library/src/main/java/com/bumptech/glide/load/engine/EngineJob.java
com.bumptech.glide.load.engine.EngineJob$CallLoadFailed	/tmp/projects/glide/library/src/main/java/com/bumptech/glide/load/engine/EngineJob.java
com.bumptech.glide.load.engine.EngineJob$CallResourceReady	/tmp/projects/glide/library/src/main/java/com/bumptech/glide/load/engine/EngineJob.java
com.bumptech.glide.load.engine.EngineJob$ResourceCallbacksAndExecutors	/tmp/projects/glide/library/src/main/java/com/bumptech/glide/load/engine/EngineJob.java
com.bumptech.glide.load.engine.EngineJob$ResourceCallbackAndExecutor	/tmp/projects/glide/library/src/main/java/com/bumptech/glide/load/engine/EngineJob.java
com.bumptech.glide.load.engine.EngineJob$EngineResourceFactory	/tmp/projects/glide/library/src/main/java/com/bumptech/glide/load/engine/EngineJob.java
com.bumptech.glide.util.pool.StateVerifier	/tmp/projects/glide/library/src/main/java/com/bumptech/glide/util/pool/StateVerifier.java
com.bumptech.glide.util.pool.StateVerifier$DefaultStateVerifier	/tmp/projects/glide/library/src/main/java/com/bumptech/glide/util/pool/StateVerifier.java
com.bumptech.glide.util.pool.StateVerifier$DebugStateVerifier	/tmp/projects/glide/library/src/main/java/com/bumptech/glide/util/pool/StateVerifier.java
com.bumptech.glide.load.Option	/tmp/projects/glide/library/src/main/java/com/bumptech/glide/load/Option.java
com.bumptech.glide.load.Option$1	/tmp/projects/glide/library/src/main/java/com/bumptech/glide/load/Option.java
com.bumptech.glide.load.Option$CacheKeyUpdater	/tmp/projects/glide/library/src/main/java/com/bumptech/glide/load/Option.java
com.bumptech.glide.load.EncodeStrategy	/tmp/projects/glide/library/src/main/java/com/bumptech/glide/load/EncodeStrategy.java
com.bumptech.glide.load.model.ModelLoader	/tmp/projects/glide/library/src/main/java/com/bumptech/glide/load/model/ModelLoader.java
com.bumptech.glide.load.model.ModelLoader$LoadData	/tmp/projects/glide/library/src/main/java/com/bumptech/glide/load/model/ModelLoader.java
com.bumptech.glide.load.engine.DecodeHelper	/tmp/projects/glide/library/src/main/java/com/bumptech/glide/load/engine/DecodeHelper.java
com.bumptech.glide.load.data.DataFetcher	/tmp/projects/glide/library/src/main/java/com/bumptech/glide/load/data/DataFetcher.java
com.bumptech.glide.load.data.DataFetcher$DataCallback	/tmp/projects/glide/library/src/main/java/com/bumptech/glide/load/data/DataFetcher.java
com.bumptech.glide.load.engine.LoadPath	/tmp/projects/glide/library/src/main/java/com/bumptech/glide/load/engine/LoadPath.java
com.bumptech.glide.load.engine.DecodePath	/tmp/projects/glide/library/src/main/java/com/bumptech/glide/load/engine/DecodePath.java
com.bumptech.glide.load.engine.DecodePath$DecodeCallback	/tmp/projects/glide/library/src/main/java/com/bumptech/glide/load/engine/DecodePath.java
com.bumptech.glide.load.data.DataRewinder	/tmp/projects/glide/library/src/main/java/com/bumptech/glide/load/data/DataRewinder.java
com.bumptech.glide.load.data.DataRewinder$Factory	/tmp/projects/glide/library/src/main/java/com/bumptech/glide/load/data/DataRewinder.java
com.bumptech.glide.load.ResourceDecoder	/tmp/projects/glide/library/src/main/java/com/bumptech/glide/load/ResourceDecoder.java
com.bumptech.glide.load.resource.transcode.ResourceTranscoder	/tmp/projects/glide/library/src/main/java/com/bumptech/glide/load/resource/transcode/ResourceTranscoder.java
com.bumptech.glide.load.ResourceEncoder	/tmp/projects/glide/library/src/main/java/com/bumptech/glide/load/ResourceEncoder.java
com.bumptech.glide.load.Encoder	/tmp/projects/glide/library/src/main/java/com/bumptech/glide/load/Encoder.java
com.bumptech.glide.load.engine.LockedResource	/tmp/projects/glide/library/src/main/java/com/bumptech/glide/load/engine/LockedResource.java
com.bumptech.glide.load.engine.LockedResource$1	/tmp/projects/glide/library/src/main/java/com/bumptech/glide/load/engine/LockedResource.java
com.bumptech.glide.load.model.ModelLoaderRegistry	/tmp/projects/glide/library/src/main/java/com/bumptech/glide/load/model/ModelLoaderRegistry.java
com.bumptech.glide.load.model.ModelLoaderRegistry$ModelLoaderCache	/tmp/projects/glide/library/src/main/java/com/bumptech/glide/load/model/ModelLoaderRegistry.java
com.bumptech.glide.load.model.ModelLoaderRegistry$ModelLoaderCache$Entry	/tmp/projects/glide/library/src/main/java/com/bumptech/glide/load/model/ModelLoaderRegistry.java
com.bumptech.glide.provider.EncoderRegistry	/tmp/projects/glide/library/src/main/java/com/bumptech/glide/provider/EncoderRegistry.java
com.bumptech.glide.provider.EncoderRegistry$Entry	/tmp/projects/glide/library/src/main/java/com/bumptech/glide/provider/EncoderRegistry.java
com.bumptech.glide.provider.ResourceDecoderRegistry	/tmp/projects/glide/library/src/main/java/com/bumptech/glide/provider/ResourceDecoderRegistry.java
com.bumptech.glide.provider.ResourceDecoderRegistry$Entry	/tmp/projects/glide/library/src/main/java/com/bumptech/glide/provider/ResourceDecoderRegistry.java
com.bumptech.glide.provider.ResourceEncoderRegistry	/tmp/projects/glide/library/src/main/java/com/bumptech/glide/provider/ResourceEncoderRegistry.java
com.bumptech.glide.provider.ResourceEncoderRegistry$Entry	/tmp/projects/glide/library/src/main/java/com/bumptech/glide/provider/ResourceEncoderRegistry.java
com.bumptech.glide.load.data.DataRewinderRegistry	/tmp/projects/glide/library/src/main/java/com/bumptech/glide/load/data/DataRewinderRegistry.java
com.bumptech.glide.load.data.DataRewinderRegistry$1	/tmp/projects/glide/library/src/main/java/com/bumptech/glide/load/data/DataRewinderRegistry.java
com.bumptech.glide.load.data.DataRewinderRegistry$DefaultRewinder	/tmp/projects/glide/library/src/main/java/com/bumptech/glide/load/data/DataRewinderRegistry.java
com.bumptech.glide.load.resource.transcode.TranscoderRegistry	/tmp/projects/glide/library/src/main/java/com/bumptech/glide/load/resource/transcode/TranscoderRegistry.java
com.bumptech.glide.load.resource.transcode.TranscoderRegistry$Entry	/tmp/projects/glide/library/src/main/java/com/bumptech/glide/load/resource/transcode/TranscoderRegistry.java
com.bumptech.glide.provider.ImageHeaderParserRegistry	/tmp/projects/glide/library/src/main/java/com/bumptech/glide/provider/ImageHeaderParserRegistry.java
com.bumptech.glide.provider.ModelToResourceClassCache	/tmp/projects/glide/library/src/main/java/com/bumptech/glide/provider/ModelToResourceClassCache.java
com.bumptech.glide.provider.LoadPathCache	/tmp/projects/glide/library/src/main/java/com/bumptech/glide/provider/LoadPathCache.java
com.bumptech.glide.load.ImageHeaderParser	/tmp/projects/glide/library/src/main/java/com/bumptech/glide/load/ImageHeaderParser.java
com.bumptech.glide.load.ImageHeaderParser$ImageType	/tmp/projects/glide/library/src/main/java/com/bumptech/glide/load/ImageHeaderParser.java
com.bumptech.glide.load.model.ModelLoaderFactory	/tmp/projects/glide/library/src/main/java/com/bumptech/glide/load/model/ModelLoaderFactory.java
com.bumptech.glide.load.model.MultiModelLoaderFactory	/tmp/projects/glide/library/src/main/java/com/bumptech/glide/load/model/MultiModelLoaderFactory.java
com.bumptech.glide.load.model.MultiModelLoaderFactory$Entry	/tmp/projects/glide/library/src/main/java/com/bumptech/glide/load/model/MultiModelLoaderFactory.java
com.bumptech.glide.load.model.MultiModelLoaderFactory$Factory	/tmp/projects/glide/library/src/main/java/com/bumptech/glide/load/model/MultiModelLoaderFactory.java
com.bumptech.glide.load.model.MultiModelLoaderFactory$EmptyModelLoader	/tmp/projects/glide/library/src/main/java/com/bumptech/glide/load/model/MultiModelLoaderFactory.java
com.bumptech.glide.load.model.MultiModelLoader	/tmp/projects/glide/library/src/main/java/com/bumptech/glide/load/model/MultiModelLoader.java
com.bumptech.glide.load.model.MultiModelLoader$MultiFetcher	/tmp/projects/glide/library/src/main/java/com/bumptech/glide/load/model/MultiModelLoader.java
com.bumptech.glide.util.MultiClassKey	/tmp/projects/glide/library/src/main/java/com/bumptech/glide/util/MultiClassKey.java
com.bumptech.glide.load.DecodeFormat	/tmp/projects/glide/library/src/main/java/com/bumptech/glide/load/DecodeFormat.java
com.bumptech.glide.load.resource.bitmap.DownsampleStrategy	/tmp/projects/glide/library/src/main/java/com/bumptech/glide/load/resource/bitmap/DownsampleStrategy.java
com.bumptech.glide.load.resource.bitmap.DownsampleStrategy$FitCenter	/tmp/projects/glide/library/src/main/java/com/bumptech/glide/load/resource/bitmap/DownsampleStrategy.java
com.bumptech.glide.load.resource.bitmap.DownsampleStrategy$CenterOutside	/tmp/projects/glide/library/src/main/java/com/bumptech/glide/load/resource/bitmap/DownsampleStrategy.java
com.bumptech.glide.load.resource.bitmap.DownsampleStrategy$AtLeast	/tmp/projects/glide/library/src/main/java/com/bumptech/glide/load/resource/bitmap/DownsampleStrategy.java
com.bumptech.glide.load.resource.bitmap.DownsampleStrategy$AtMost	/tmp/projects/glide/library/src/main/java/com/bumptech/glide/load/resource/bitmap/DownsampleStrategy.java
com.bumptech.glide.load.resource.bitmap.DownsampleStrategy$None	/tmp/projects/glide/library/src/main/java/com/bumptech/glide/load/resource/bitmap/DownsampleStrategy.java
com.bumptech.glide.load.resource.bitmap.DownsampleStrategy$CenterInside	/tmp/projects/glide/library/src/main/java/com/bumptech/glide/load/resource/bitmap/DownsampleStrategy.java
com.bumptech.glide.load.resource.bitmap.DownsampleStrategy$SampleSizeRounding	/tmp/projects/glide/library/src/main/java/com/bumptech/glide/load/resource/bitmap/DownsampleStrategy.java
com.bumptech.glide.manager.RequestManagerFragment	/tmp/projects/glide/library/src/main/java/com/bumptech/glide/manager/RequestManagerFragment.java
com.bumptech.glide.manager.RequestManagerFragment$FragmentRequestManagerTreeNode	/tmp/projects/glide/library/src/main/java/com/bumptech/glide/manager/RequestManagerFragment.java
com.bumptech.glide.manager.SupportRequestManagerFragment	/tmp/projects/glide/library/src/main/java/com/bumptech/glide/manager/SupportRequestManagerFragment.java
com.bumptech.glide.manager.SupportRequestManagerFragment$SupportFragmentRequestManagerTreeNode	/tmp/projects/glide/library/src/main/java/com/bumptech/glide/manager/SupportRequestManagerFragment.java
com.bumptech.glide.manager.FrameWaiter	/tmp/projects/glide/library/src/main/java/com/bumptech/glide/manager/FrameWaiter.java
com.bumptech.glide.manager.ActivityFragmentLifecycle	/tmp/projects/glide/library/src/main/java/com/bumptech/glide/manager/ActivityFragmentLifecycle.java
com.bumptech.glide.load.engine.cache.MemorySizeCalculator	/tmp/projects/glide/library/src/main/java/com/bumptech/glide/load/engine/cache/MemorySizeCalculator.java
com.bumptech.glide.load.engine.cache.MemorySizeCalculator$ScreenDimensions	/tmp/projects/glide/library/src/main/java/com/bumptech/glide/load/engine/cache/MemorySizeCalculator.java
com.bumptech.glide.load.engine.cache.MemorySizeCalculator$Builder	/tmp/projects/glide/library/src/main/java/com/bumptech/glide/load/engine/cache/MemorySizeCalculator.java
com.bumptech.glide.load.engine.cache.MemorySizeCalculator$DisplayMetricsScreenDimensions	/tmp/projects/glide/library/src/main/java/com/bumptech/glide/load/engine/cache/MemorySizeCalculator.java
com.bumptech.glide.module.GlideModule	/tmp/projects/glide/library/src/main/java/com/bumptech/glide/module/GlideModule.java
com.bumptech.glide.MemoryCategory	/tmp/projects/glide/library/src/main/java/com/bumptech/glide/MemoryCategory.java
com.bumptech.glide.load.engine.prefill.BitmapPreFiller	/tmp/projects/glide/library/src/main/java/com/bumptech/glide/load/engine/prefill/BitmapPreFiller.java
com.bumptech.glide.load.engine.prefill.BitmapPreFillRunner	/tmp/projects/glide/library/src/main/java/com/bumptech/glide/load/engine/prefill/BitmapPreFillRunner.java
com.bumptech.glide.load.engine.prefill.BitmapPreFillRunner$UniqueKey	/tmp/projects/glide/library/src/main/java/com/bumptech/glide/load/engine/prefill/BitmapPreFillRunner.java
com.bumptech.glide.load.engine.prefill.BitmapPreFillRunner$Clock	/tmp/projects/glide/library/src/main/java/com/bumptech/glide/load/engine/prefill/BitmapPreFillRunner.java
com.bumptech.glide.load.engine.prefill.PreFillQueue	/tmp/projects/glide/library/src/main/java/com/bumptech/glide/load/engine/prefill/PreFillQueue.java
com.bumptech.glide.manager.DoNothingFirstFrameWaiter	/tmp/projects/glide/library/src/main/java/com/bumptech/glide/manager/DoNothingFirstFrameWaiter.java
com.bumptech.glide.manager.DefaultConnectivityMonitorFactory	/tmp/projects/glide/library/src/main/java/com/bumptech/glide/manager/DefaultConnectivityMonitorFactory.java
com.bumptech.glide.manager.DefaultConnectivityMonitor	/tmp/projects/glide/library/src/main/java/com/bumptech/glide/manager/DefaultConnectivityMonitor.java
com.bumptech.glide.manager.EmptyRequestManagerTreeNode	/tmp/projects/glide/library/src/main/java/com/bumptech/glide/manager/EmptyRequestManagerTreeNode.java
com.bumptech.glide.manager.FirstFrameWaiter	/tmp/projects/glide/library/src/main/java/com/bumptech/glide/manager/FirstFrameWaiter.java
com.bumptech.glide.manager.NullConnectivityMonitor	/tmp/projects/glide/library/src/main/java/com/bumptech/glide/manager/NullConnectivityMonitor.java
com.bumptech.glide.manager.SingletonConnectivityReceiver	/tmp/projects/glide/library/src/main/java/com/bumptech/glide/manager/SingletonConnectivityReceiver.java
com.bumptech.glide.manager.SingletonConnectivityReceiver$1	/tmp/projects/glide/library/src/main/java/com/bumptech/glide/manager/SingletonConnectivityReceiver.java
com.bumptech.glide.manager.SingletonConnectivityReceiver$2	/tmp/projects/glide/library/src/main/java/com/bumptech/glide/manager/SingletonConnectivityReceiver.java
com.bumptech.glide.manager.SingletonConnectivityReceiver$FrameworkConnectivityMonitor	/tmp/projects/glide/library/src/main/java/com/bumptech/glide/manager/SingletonConnectivityReceiver.java
com.bumptech.glide.manager.SingletonConnectivityReceiver$FrameworkConnectivityMonitorPostApi24	/tmp/projects/glide/library/src/main/java/com/bumptech/glide/manager/SingletonConnectivityReceiver.java
com.bumptech.glide.manager.SingletonConnectivityReceiver$FrameworkConnectivityMonitorPostApi24$1	/tmp/projects/glide/library/src/main/java/com/bumptech/glide/manager/SingletonConnectivityReceiver.java
com.bumptech.glide.manager.SingletonConnectivityReceiver$FrameworkConnectivityMonitorPostApi24$1$1	/tmp/projects/glide/library/src/main/java/com/bumptech/glide/manager/SingletonConnectivityReceiver.java
com.bumptech.glide.manager.SingletonConnectivityReceiver$FrameworkConnectivityMonitorPreApi24	/tmp/projects/glide/library/src/main/java/com/bumptech/glide/manager/SingletonConnectivityReceiver.java
com.bumptech.glide.manager.SingletonConnectivityReceiver$FrameworkConnectivityMonitorPreApi24$1	/tmp/projects/glide/library/src/main/java/com/bumptech/glide/manager/SingletonConnectivityReceiver.java
com.bumptech.glide.manager.SingletonConnectivityReceiver$FrameworkConnectivityMonitorPreApi24$2	/tmp/projects/glide/library/src/main/java/com/bumptech/glide/manager/SingletonConnectivityReceiver.java
com.bumptech.glide.manager.SingletonConnectivityReceiver$FrameworkConnectivityMonitorPreApi24$3	/tmp/projects/glide/library/src/main/java/com/bumptech/glide/manager/SingletonConnectivityReceiver.java
com.bumptech.glide.manager.SingletonConnectivityReceiver$FrameworkConnectivityMonitorPreApi24$4	/tmp/projects/glide/library/src/main/java/com/bumptech/glide/manager/SingletonConnectivityReceiver.java
com.bumptech.glide.manager.SingletonConnectivityReceiver$FrameworkConnectivityMonitorPreApi24$5	/tmp/projects/glide/library/src/main/java/com/bumptech/glide/manager/SingletonConnectivityReceiver.java
com.bumptech.glide.manager.FirstFrameAndAfterTrimMemoryWaiter	/tmp/projects/glide/library/src/main/java/com/bumptech/glide/manager/FirstFrameAndAfterTrimMemoryWaiter.java
com.bumptech.glide.manager.ApplicationLifecycle	/tmp/projects/glide/library/src/main/java/com/bumptech/glide/manager/ApplicationLifecycle.java
com.bumptech.glide.request.target.AppWidgetTarget	/tmp/projects/glide/library/src/main/java/com/bumptech/glide/request/target/AppWidgetTarget.java
com.bumptech.glide.request.target.SimpleTarget	/tmp/projects/glide/library/src/main/java/com/bumptech/glide/request/target/SimpleTarget.java
com.bumptech.glide.request.target.BitmapThumbnailImageViewTarget	/tmp/projects/glide/library/src/main/java/com/bumptech/glide/request/target/BitmapThumbnailImageViewTarget.java
com.bumptech.glide.request.target.ThumbnailImageViewTarget	/tmp/projects/glide/library/src/main/java/com/bumptech/glide/request/target/ThumbnailImageViewTarget.java
com.bumptech.glide.request.target.ImageViewTarget	/tmp/projects/glide/library/src/main/java/com/bumptech/glide/request/target/ImageViewTarget.java
com.bumptech.glide.request.target.PreloadTarget	/tmp/projects/glide/library/src/main/java/com/bumptech/glide/request/target/PreloadTarget.java
com.bumptech.glide.request.target.PreloadTarget$1	/tmp/projects/glide/library/src/main/java/com/bumptech/glide/request/target/PreloadTarget.java
com.bumptech.glide.request.target.DrawableImageViewTarget	/tmp/projects/glide/library/src/main/java/com/bumptech/glide/request/target/DrawableImageViewTarget.java
com.bumptech.glide.request.target.CustomViewTarget	/tmp/projects/glide/library/src/main/java/com/bumptech/glide/request/target/CustomViewTarget.java
com.bumptech.glide.request.target.CustomViewTarget$1	/tmp/projects/glide/library/src/main/java/com/bumptech/glide/request/target/CustomViewTarget.java
com.bumptech.glide.request.target.CustomViewTarget$SizeDeterminer	/tmp/projects/glide/library/src/main/java/com/bumptech/glide/request/target/CustomViewTarget.java
com.bumptech.glide.request.target.CustomViewTarget$SizeDeterminer$SizeDeterminerLayoutListener	/tmp/projects/glide/library/src/main/java/com/bumptech/glide/request/target/CustomViewTarget.java
com.bumptech.glide.request.target.NotificationTarget	/tmp/projects/glide/library/src/main/java/com/bumptech/glide/request/target/NotificationTarget.java
com.bumptech.glide.request.target.FixedSizeDrawable	/tmp/projects/glide/library/src/main/java/com/bumptech/glide/request/target/FixedSizeDrawable.java
com.bumptech.glide.request.target.FixedSizeDrawable$State	/tmp/projects/glide/library/src/main/java/com/bumptech/glide/request/target/FixedSizeDrawable.java
com.bumptech.glide.request.target.DrawableThumbnailImageViewTarget	/tmp/projects/glide/library/src/main/java/com/bumptech/glide/request/target/DrawableThumbnailImageViewTarget.java
com.bumptech.glide.request.target.BitmapImageViewTarget	/tmp/projects/glide/library/src/main/java/com/bumptech/glide/request/target/BitmapImageViewTarget.java
com.bumptech.glide.request.ThumbnailRequestCoordinator	/tmp/projects/glide/library/src/main/java/com/bumptech/glide/request/ThumbnailRequestCoordinator.java
com.bumptech.glide.request.SingleRequest	/tmp/projects/glide/library/src/main/java/com/bumptech/glide/request/SingleRequest.java
com.bumptech.glide.request.SingleRequest$Status	/tmp/projects/glide/library/src/main/java/com/bumptech/glide/request/SingleRequest.java
com.bumptech.glide.request.ErrorRequestCoordinator	/tmp/projects/glide/library/src/main/java/com/bumptech/glide/request/ErrorRequestCoordinator.java
com.bumptech.glide.request.ExperimentalRequestListener	/tmp/projects/glide/library/src/main/java/com/bumptech/glide/request/ExperimentalRequestListener.java
com.bumptech.glide.request.RequestFutureTarget	/tmp/projects/glide/library/src/main/java/com/bumptech/glide/request/RequestFutureTarget.java
com.bumptech.glide.request.RequestFutureTarget$Waiter	/tmp/projects/glide/library/src/main/java/com/bumptech/glide/request/RequestFutureTarget.java
com.bumptech.glide.request.transition.ViewPropertyAnimationFactory	/tmp/projects/glide/library/src/main/java/com/bumptech/glide/request/transition/ViewPropertyAnimationFactory.java
com.bumptech.glide.request.transition.DrawableCrossFadeTransition	/tmp/projects/glide/library/src/main/java/com/bumptech/glide/request/transition/DrawableCrossFadeTransition.java
com.bumptech.glide.request.transition.ViewTransition	/tmp/projects/glide/library/src/main/java/com/bumptech/glide/request/transition/ViewTransition.java
com.bumptech.glide.request.transition.ViewTransition$ViewTransitionAnimationFactory	/tmp/projects/glide/library/src/main/java/com/bumptech/glide/request/transition/ViewTransition.java
com.bumptech.glide.request.transition.ViewAnimationFactory	/tmp/projects/glide/library/src/main/java/com/bumptech/glide/request/transition/ViewAnimationFactory.java
com.bumptech.glide.request.transition.ViewAnimationFactory$ConcreteViewTransitionAnimationFactory	/tmp/projects/glide/library/src/main/java/com/bumptech/glide/request/transition/ViewAnimationFactory.java
com.bumptech.glide.request.transition.ViewAnimationFactory$ResourceViewTransitionAnimationFactory	/tmp/projects/glide/library/src/main/java/com/bumptech/glide/request/transition/ViewAnimationFactory.java
com.bumptech.glide.request.transition.BitmapTransitionFactory	/tmp/projects/glide/library/src/main/java/com/bumptech/glide/request/transition/BitmapTransitionFactory.java
com.bumptech.glide.request.transition.BitmapContainerTransitionFactory	/tmp/projects/glide/library/src/main/java/com/bumptech/glide/request/transition/BitmapContainerTransitionFactory.java
com.bumptech.glide.request.transition.BitmapContainerTransitionFactory$BitmapGlideAnimation	/tmp/projects/glide/library/src/main/java/com/bumptech/glide/request/transition/BitmapContainerTransitionFactory.java
com.bumptech.glide.request.transition.NoTransition	/tmp/projects/glide/library/src/main/java/com/bumptech/glide/request/transition/NoTransition.java
com.bumptech.glide.request.transition.NoTransition$NoAnimationFactory	/tmp/projects/glide/library/src/main/java/com/bumptech/glide/request/transition/NoTransition.java
com.bumptech.glide.request.transition.DrawableCrossFadeFactory	/tmp/projects/glide/library/src/main/java/com/bumptech/glide/request/transition/DrawableCrossFadeFactory.java
com.bumptech.glide.request.transition.DrawableCrossFadeFactory$Builder	/tmp/projects/glide/library/src/main/java/com/bumptech/glide/request/transition/DrawableCrossFadeFactory.java
com.bumptech.glide.ListPreloader	/tmp/projects/glide/library/src/main/java/com/bumptech/glide/ListPreloader.java
com.bumptech.glide.ListPreloader$PreloadModelProvider	/tmp/projects/glide/library/src/main/java/com/bumptech/glide/ListPreloader.java
com.bumptech.glide.ListPreloader$PreloadSizeProvider	/tmp/projects/glide/library/src/main/java/com/bumptech/glide/ListPreloader.java
com.bumptech.glide.ListPreloader$PreloadTargetQueue	/tmp/projects/glide/library/src/main/java/com/bumptech/glide/ListPreloader.java
com.bumptech.glide.ListPreloader$PreloadTarget	/tmp/projects/glide/library/src/main/java/com/bumptech/glide/ListPreloader.java
com.bumptech.glide.NullUnmarked	/tmp/projects/glide/library/src/main/java/com/bumptech/glide/NullUnmarked.java
com.bumptech.glide.signature.AndroidResourceSignature	/tmp/projects/glide/library/src/main/java/com/bumptech/glide/signature/AndroidResourceSignature.java
com.bumptech.glide.signature.MediaStoreSignature	/tmp/projects/glide/library/src/main/java/com/bumptech/glide/signature/MediaStoreSignature.java
com.bumptech.glide.signature.EmptySignature	/tmp/projects/glide/library/src/main/java/com/bumptech/glide/signature/EmptySignature.java
com.bumptech.glide.signature.ObjectKey	/tmp/projects/glide/library/src/main/java/com/bumptech/glide/signature/ObjectKey.java
com.bumptech.glide.signature.ApplicationVersionSignature	/tmp/projects/glide/library/src/main/java/com/bumptech/glide/signature/ApplicationVersionSignature.java
com.bumptech.glide.util.LruCache	/tmp/projects/glide/library/src/main/java/com/bumptech/glide/util/LruCache.java
com.bumptech.glide.util.LruCache$Entry	/tmp/projects/glide/library/src/main/java/com/bumptech/glide/util/LruCache.java
com.bumptech.glide.util.Synthetic	/tmp/projects/glide/library/src/main/java/com/bumptech/glide/util/Synthetic.java
com.bumptech.glide.util.ViewPreloadSizeProvider	/tmp/projects/glide/library/src/main/java/com/bumptech/glide/util/ViewPreloadSizeProvider.java
com.bumptech.glide.util.ViewPreloadSizeProvider$SizeViewTarget	/tmp/projects/glide/library/src/main/java/com/bumptech/glide/util/ViewPreloadSizeProvider.java
com.bumptech.glide.util.ExceptionCatchingInputStream	/tmp/projects/glide/library/src/main/java/com/bumptech/glide/util/ExceptionCatchingInputStream.java
com.bumptech.glide.util.CachedHashCodeArrayMap	/tmp/projects/glide/library/src/main/java/com/bumptech/glide/util/CachedHashCodeArrayMap.java
com.bumptech.glide.util.pool.GlideTrace	/tmp/projects/glide/library/src/main/java/com/bumptech/glide/util/pool/GlideTrace.java
com.bumptech.glide.util.Util	/tmp/projects/glide/library/src/main/java/com/bumptech/glide/util/Util.java
com.bumptech.glide.util.ExceptionPassthroughInputStream	/tmp/projects/glide/library/src/main/java/com/bumptech/glide/util/ExceptionPassthroughInputStream.java
com.bumptech.glide.util.MarkEnforcingInputStream	/tmp/projects/glide/library/src/main/java/com/bumptech/glide/util/MarkEnforcingInputStream.java
com.bumptech.glide.util.ByteBufferUtil	/tmp/projects/glide/library/src/main/java/com/bumptech/glide/util/ByteBufferUtil.java
com.bumptech.glide.util.ByteBufferUtil$SafeArray	/tmp/projects/glide/library/src/main/java/com/bumptech/glide/util/ByteBufferUtil.java
com.bumptech.glide.util.ByteBufferUtil$ByteBufferStream	/tmp/projects/glide/library/src/main/java/com/bumptech/glide/util/ByteBufferUtil.java
com.bumptech.glide.util.Preconditions	/tmp/projects/glide/library/src/main/java/com/bumptech/glide/util/Preconditions.java
com.bumptech.glide.util.ContentLengthInputStream	/tmp/projects/glide/library/src/main/java/com/bumptech/glide/util/ContentLengthInputStream.java
com.bumptech.glide.util.FixedPreloadSizeProvider	/tmp/projects/glide/library/src/main/java/com/bumptech/glide/util/FixedPreloadSizeProvider.java
com.bumptech.glide.util.Executors	/tmp/projects/glide/library/src/main/java/com/bumptech/glide/util/Executors.java
com.bumptech.glide.util.Executors$1	/tmp/projects/glide/library/src/main/java/com/bumptech/glide/util/Executors.java
com.bumptech.glide.util.Executors$2	/tmp/projects/glide/library/src/main/java/com/bumptech/glide/util/Executors.java
com.bumptech.glide.util.LogTime	/tmp/projects/glide/library/src/main/java/com/bumptech/glide/util/LogTime.java
com.bumptech.glide.module.ManifestParser	/tmp/projects/glide/library/src/main/java/com/bumptech/glide/module/ManifestParser.java
com.bumptech.glide.load.PreferredColorSpace	/tmp/projects/glide/library/src/main/java/com/bumptech/glide/load/PreferredColorSpace.java
com.bumptech.glide.load.engine.ResourceCacheKey	/tmp/projects/glide/library/src/main/java/com/bumptech/glide/load/engine/ResourceCacheKey.java
com.bumptech.glide.load.engine.Initializable	/tmp/projects/glide/library/src/main/java/com/bumptech/glide/load/engine/Initializable.java
com.bumptech.glide.load.engine.SourceGenerator	/tmp/projects/glide/library/src/main/java/com/bumptech/glide/load/engine/SourceGenerator.java
com.bumptech.glide.load.engine.SourceGenerator$1	/tmp/projects/glide/library/src/main/java/com/bumptech/glide/load/engine/SourceGenerator.java
com.bumptech.glide.load.engine.DataCacheGenerator	/tmp/projects/glide/library/src/main/java/com/bumptech/glide/load/engine/DataCacheGenerator.java
com.bumptech.glide.load.engine.DataCacheKey	/tmp/projects/glide/library/src/main/java/com/bumptech/glide/load/engine/DataCacheKey.java
com.bumptech.glide.load.engine.cache.DiskCacheWriteLocker	/tmp/projects/glide/library/src/main/java/com/bumptech/glide/load/engine/cache/DiskCacheWriteLocker.java
com.bumptech.glide.load.engine.cache.DiskCacheWriteLocker$WriteLock	/tmp/projects/glide/library/src/main/java/com/bumptech/glide/load/engine/cache/DiskCacheWriteLocker.java
com.bumptech.glide.load.engine.cache.DiskCacheWriteLocker$WriteLockPool	/tmp/projects/glide/library/src/main/java/com/bumptech/glide/load/engine/cache/DiskCacheWriteLocker.java
com.bumptech.glide.load.engine.cache.LruResourceCache	/tmp/projects/glide/library/src/main/java/com/bumptech/glide/load/engine/cache/LruResourceCache.java
com.bumptech.glide.load.engine.cache.DiskLruCacheWrapper	/tmp/projects/glide/library/src/main/java/com/bumptech/glide/load/engine/cache/DiskLruCacheWrapper.java
com.bumptech.glide.load.engine.cache.SafeKeyGenerator	/tmp/projects/glide/library/src/main/java/com/bumptech/glide/load/engine/cache/SafeKeyGenerator.java
com.bumptech.glide.load.engine.cache.SafeKeyGenerator$1	/tmp/projects/glide/library/src/main/java/com/bumptech/glide/load/engine/cache/SafeKeyGenerator.java
com.bumptech.glide.load.engine.cache.SafeKeyGenerator$PoolableDigestContainer	/tmp/projects/glide/library/src/main/java/com/bumptech/glide/load/engine/cache/SafeKeyGenerator.java
com.bumptech.glide.load.engine.cache.ExternalPreferredCacheDiskCacheFactory	/tmp/projects/glide/library/src/main/java/com/bumptech/glide/load/engine/cache/ExternalPreferredCacheDiskCacheFactory.java
com.bumptech.glide.load.engine.cache.ExternalPreferredCacheDiskCacheFactory$1	/tmp/projects/glide/library/src/main/java/com/bumptech/glide/load/engine/cache/ExternalPreferredCacheDiskCacheFactory.java
com.bumptech.glide.load.engine.cache.DiskLruCacheFactory	/tmp/projects/glide/library/src/main/java/com/bumptech/glide/load/engine/cache/DiskLruCacheFactory.java
com.bumptech.glide.load.engine.cache.DiskLruCacheFactory$CacheDirectoryGetter	/tmp/projects/glide/library/src/main/java/com/bumptech/glide/load/engine/cache/DiskLruCacheFactory.java
com.bumptech.glide.load.engine.cache.DiskLruCacheFactory$1	/tmp/projects/glide/library/src/main/java/com/bumptech/glide/load/engine/cache/DiskLruCacheFactory.java
com.bumptech.glide.load.engine.cache.DiskLruCacheFactory$2	/tmp/projects/glide/library/src/main/java/com/bumptech/glide/load/engine/cache/DiskLruCacheFactory.java
com.bumptech.glide.load.engine.cache.InternalCacheDiskCacheFactory	/tmp/projects/glide/library/src/main/java/com/bumptech/glide/load/engine/cache/InternalCacheDiskCacheFactory.java
com.bumptech.glide.load.engine.cache.InternalCacheDiskCacheFactory$1	/tmp/projects/glide/library/src/main/java/com/bumptech/glide/load/engine/cache/InternalCacheDiskCacheFactory.java
com.bumptech.glide.load.engine.cache.DiskCacheAdapter	/tmp/projects/glide/library/src/main/java/com/bumptech/glide/load/engine/cache/DiskCacheAdapter.java
com.bumptech.glide.load.engine.cache.DiskCacheAdapter$Factory	/tmp/projects/glide/library/src/main/java/com/bumptech/glide/load/engine/cache/DiskCacheAdapter.java
com.bumptech.glide.load.engine.cache.MemoryCacheAdapter	/tmp/projects/glide/library/src/main/java/com/bumptech/glide/load/engine/cache/MemoryCacheAdapter.java
com.bumptech.glide.load.engine.cache.ExternalCacheDiskCacheFactory	/tmp/projects/glide/library/src/main/java/com/bumptech/glide/load/engine/cache/ExternalCacheDiskCacheFactory.java
com.bumptech.glide.load.engine.cache.ExternalCacheDiskCacheFactory$1	/tmp/projects/glide/library/src/main/java/com/bumptech/glide/load/engine/cache/ExternalCacheDiskCacheFactory.java
com.bumptech.glide.load.engine.DataCacheWriter	/tmp/projects/glide/library/src/main/java/com/bumptech/glide/load/engine/DataCacheWriter.java
com.bumptech.glide.load.engine.bitmap_recycle.PrettyPrintTreeMap	/tmp/projects/glide/library/src/main/java/com/bumptech/glide/load/engine/bitmap_recycle/PrettyPrintTreeMap.java
com.bumptech.glide.load.engine.bitmap_recycle.GroupedLinkedMap	/tmp/projects/glide/library/src/main/java/com/bumptech/glide/load/engine/bitmap_recycle/GroupedLinkedMap.java
com.bumptech.glide.load.engine.bitmap_recycle.GroupedLinkedMap$LinkedEntry	/tmp/projects/glide/library/src/main/java/com/bumptech/glide/load/engine/bitmap_recycle/GroupedLinkedMap.java
com.bumptech.glide.load.engine.bitmap_recycle.Poolable	/tmp/projects/glide/library/src/main/java/com/bumptech/glide/load/engine/bitmap_recycle/Poolable.java
com.bumptech.glide.load.engine.bitmap_recycle.LruArrayPool	/tmp/projects/glide/library/src/main/java/com/bumptech/glide/load/engine/bitmap_recycle/LruArrayPool.java
com.bumptech.glide.load.engine.bitmap_recycle.LruArrayPool$KeyPool	/tmp/projects/glide/library/src/main/java/com/bumptech/glide/load/engine/bitmap_recycle/LruArrayPool.java
com.bumptech.glide.load.engine.bitmap_recycle.LruArrayPool$Key	/tmp/projects/glide/library/src/main/java/com/bumptech/glide/load/engine/bitmap_recycle/LruArrayPool.java
com.bumptech.glide.load.engine.bitmap_recycle.BaseKeyPool	/tmp/projects/glide/library/src/main/java/com/bumptech/glide/load/engine/bitmap_recycle/BaseKeyPool.java
com.bumptech.glide.load.engine.bitmap_recycle.ArrayAdapterInterface	/tmp/projects/glide/library/src/main/java/com/bumptech/glide/load/engine/bitmap_recycle/ArrayAdapterInterface.java
com.bumptech.glide.load.engine.bitmap_recycle.LruPoolStrategy	/tmp/projects/glide/library/src/main/java/com/bumptech/glide/load/engine/bitmap_recycle/LruPoolStrategy.java
com.bumptech.glide.load.engine.bitmap_recycle.IntegerArrayAdapter	/tmp/projects/glide/library/src/main/java/com/bumptech/glide/load/engine/bitmap_recycle/IntegerArrayAdapter.java
com.bumptech.glide.load.engine.bitmap_recycle.SizeStrategy	/tmp/projects/glide/library/src/main/java/com/bumptech/glide/load/engine/bitmap_recycle/SizeStrategy.java
com.bumptech.glide.load.engine.bitmap_recycle.SizeStrategy$KeyPool	/tmp/projects/glide/library/src/main/java/com/bumptech/glide/load/engine/bitmap_recycle/SizeStrategy.java
com.bumptech.glide.load.engine.bitmap_recycle.SizeStrategy$Key	/tmp/projects/glide/library/src/main/java/com/bumptech/glide/load/engine/bitmap_recycle/SizeStrategy.java
com.bumptech.glide.load.engine.bitmap_recycle.ByteArrayAdapter	/tmp/projects/glide/library/src/main/java/com/bumptech/glide/load/engine/bitmap_recycle/ByteArrayAdapter.java
com.bumptech.glide.load.engine.bitmap_recycle.SizeConfigStrategy	/tmp/projects/glide/library/src/main/java/com/bumptech/glide/load/engine/bitmap_recycle/SizeConfigStrategy.java
com.bumptech.glide.load.engine.bitmap_recycle.SizeConfigStrategy$KeyPool	/tmp/projects/glide/library/src/main/java/com/bumptech/glide/load/engine/bitmap_recycle/SizeConfigStrategy.java
com.bumptech.glide.load.engine.bitmap_recycle.SizeConfigStrategy$Key	/tmp/projects/glide/library/src/main/java/com/bumptech/glide/load/engine/bitmap_recycle/SizeConfigStrategy.java
com.bumptech.glide.load.engine.bitmap_recycle.BitmapPoolAdapter	/tmp/projects/glide/library/src/main/java/com/bumptech/glide/load/engine/bitmap_recycle/BitmapPoolAdapter.java
com.bumptech.glide.load.engine.bitmap_recycle.AttributeStrategy	/tmp/projects/glide/library/src/main/java/com/bumptech/glide/load/engine/bitmap_recycle/AttributeStrategy.java
com.bumptech.glide.load.engine.bitmap_recycle.AttributeStrategy$KeyPool	/tmp/projects/glide/library/src/main/java/com/bumptech/glide/load/engine/bitmap_recycle/AttributeStrategy.java
com.bumptech.glide.load.engine.bitmap_recycle.AttributeStrategy$Key	/tmp/projects/glide/library/src/main/java/com/bumptech/glide/load/engine/bitmap_recycle/AttributeStrategy.java
com.bumptech.glide.load.engine.bitmap_recycle.LruBitmapPool	/tmp/projects/glide/library/src/main/java/com/bumptech/glide/load/engine/bitmap_recycle/LruBitmapPool.java
com.bumptech.glide.load.engine.bitmap_recycle.LruBitmapPool$BitmapTracker	/tmp/projects/glide/library/src/main/java/com/bumptech/glide/load/engine/bitmap_recycle/LruBitmapPool.java
com.bumptech.glide.load.engine.bitmap_recycle.LruBitmapPool$ThrowingBitmapTracker	/tmp/projects/glide/library/src/main/java/com/bumptech/glide/load/engine/bitmap_recycle/LruBitmapPool.java
com.bumptech.glide.load.engine.bitmap_recycle.LruBitmapPool$NullBitmapTracker	/tmp/projects/glide/library/src/main/java/com/bumptech/glide/load/engine/bitmap_recycle/LruBitmapPool.java
com.bumptech.glide.load.engine.executor.RuntimeCompat	/tmp/projects/glide/library/src/main/java/com/bumptech/glide/load/engine/executor/RuntimeCompat.java
com.bumptech.glide.load.engine.executor.RuntimeCompat$1	/tmp/projects/glide/library/src/main/java/com/bumptech/glide/load/engine/executor/RuntimeCompat.java
com.bumptech.glide.load.engine.ResourceCacheGenerator	/tmp/projects/glide/library/src/main/java/com/bumptech/glide/load/engine/ResourceCacheGenerator.java
com.bumptech.glide.load.engine.CallbackException	/tmp/projects/glide/library/src/main/java/com/bumptech/glide/load/engine/CallbackException.java
com.bumptech.glide.load.HttpException	/tmp/projects/glide/library/src/main/java/com/bumptech/glide/load/HttpException.java
com.bumptech.glide.load.MultiTransformation	/tmp/projects/glide/library/src/main/java/com/bumptech/glide/load/MultiTransformation.java
com.bumptech.glide.load.ImageHeaderParserUtils	/tmp/projects/glide/library/src/main/java/com/bumptech/glide/load/ImageHeaderParserUtils.java
com.bumptech.glide.load.ImageHeaderParserUtils$1	/tmp/projects/glide/library/src/main/java/com/bumptech/glide/load/ImageHeaderParserUtils.java
com.bumptech.glide.load.ImageHeaderParserUtils$2	/tmp/projects/glide/library/src/main/java/com/bumptech/glide/load/ImageHeaderParserUtils.java
com.bumptech.glide.load.ImageHeaderParserUtils$3	/tmp/projects/glide/library/src/main/java/com/bumptech/glide/load/ImageHeaderParserUtils.java
com.bumptech.glide.load.ImageHeaderParserUtils$4	/tmp/projects/glide/library/src/main/java/com/bumptech/glide/load/ImageHeaderParserUtils.java
com.bumptech.glide.load.ImageHeaderParserUtils$5	/tmp/projects/glide/library/src/main/java/com/bumptech/glide/load/ImageHeaderParserUtils.java
com.bumptech.glide.load.ImageHeaderParserUtils$6	/tmp/projects/glide/library/src/main/java/com/bumptech/glide/load/ImageHeaderParserUtils.java
com.bumptech.glide.load.ImageHeaderParserUtils$TypeReader	/tmp/projects/glide/library/src/main/java/com/bumptech/glide/load/ImageHeaderParserUtils.java
com.bumptech.glide.load.ImageHeaderParserUtils$OrientationReader	/tmp/projects/glide/library/src/main/java/com/bumptech/glide/load/ImageHeaderParserUtils.java
com.bumptech.glide.load.data.ParcelFileDescriptorRewinder	/tmp/projects/glide/library/src/main/java/com/bumptech/glide/load/data/ParcelFileDescriptorRewinder.java
com.bumptech.glide.load.data.ParcelFileDescriptorRewinder$Factory	/tmp/projects/glide/library/src/main/java/com/bumptech/glide/load/data/ParcelFileDescriptorRewinder.java
com.bumptech.glide.load.data.ParcelFileDescriptorRewinder$InternalRewinder	/tmp/projects/glide/library/src/main/java/com/bumptech/glide/load/data/ParcelFileDescriptorRewinder.java
com.bumptech.glide.load.model.FileLoader	/tmp/projects/glide/library/src/main/java/com/bumptech/glide/load/model/FileLoader.java
com.bumptech.glide.load.model.FileLoader$FileOpener	/tmp/projects/glide/library/src/main/java/com/bumptech/glide/load/model/FileLoader.java
com.bumptech.glide.load.model.FileLoader$FileFetcher	/tmp/projects/glide/library/src/main/java/com/bumptech/glide/load/model/FileLoader.java
com.bumptech.glide.load.model.FileLoader$Factory	/tmp/projects/glide/library/src/main/java/com/bumptech/glide/load/model/FileLoader.java
com.bumptech.glide.load.model.FileLoader$StreamFactory	/tmp/projects/glide/library/src/main/java/com/bumptech/glide/load/model/FileLoader.java
com.bumptech.glide.load.model.FileLoader$StreamFactory$1	/tmp/projects/glide/library/src/main/java/com/bumptech/glide/load/model/FileLoader.java
com.bumptech.glide.load.model.FileLoader$FileDescriptorFactory	/tmp/projects/glide/library/src/main/java/com/bumptech/glide/load/model/FileLoader.java
com.bumptech.glide.load.model.FileLoader$FileDescriptorFactory$1	/tmp/projects/glide/library/src/main/java/com/bumptech/glide/load/model/FileLoader.java
com.bumptech.glide.load.model.StreamEncoder	/tmp/projects/glide/library/src/main/java/com/bumptech/glide/load/model/StreamEncoder.java
com.bumptech.glide.load.model.ByteArrayLoader	/tmp/projects/glide/library/src/main/java/com/bumptech/glide/load/model/ByteArrayLoader.java
com.bumptech.glide.load.model.ByteArrayLoader$Converter	/tmp/projects/glide/library/src/main/java/com/bumptech/glide/load/model/ByteArrayLoader.java
com.bumptech.glide.load.model.ByteArrayLoader$Fetcher	/tmp/projects/glide/library/src/main/java/com/bumptech/glide/load/model/ByteArrayLoader.java
com.bumptech.glide.load.model.ByteArrayLoader$ByteBufferFactory	/tmp/projects/glide/library/src/main/java/com/bumptech/glide/load/model/ByteArrayLoader.java
com.bumptech.glide.load.model.ByteArrayLoader$ByteBufferFactory$1	/tmp/projects/glide/library/src/main/java/com/bumptech/glide/load/model/ByteArrayLoader.java
com.bumptech.glide.load.model.ByteArrayLoader$StreamFactory	/tmp/projects/glide/library/src/main/java/com/bumptech/glide/load/model/ByteArrayLoader.java
com.bumptech.glide.load.model.ByteArrayLoader$StreamFactory$1	/tmp/projects/glide/library/src/main/java/com/bumptech/glide/load/model/ByteArrayLoader.java
com.bumptech.glide.load.model.LazyHeaders	/tmp/projects/glide/library/src/main/java/com/bumptech/glide/load/model/LazyHeaders.java
com.bumptech.glide.load.model.LazyHeaders$Builder	/tmp/projects/glide/library/src/main/java/com/bumptech/glide/load/model/LazyHeaders.java
com.bumptech.glide.load.model.LazyHeaders$StringHeaderFactory	/tmp/projects/glide/library/src/main/java/com/bumptech/glide/load/model/LazyHeaders.java
com.bumptech.glide.load.model.Headers	/tmp/projects/glide/library/src/main/java/com/bumptech/glide/load/model/Headers.java
com.bumptech.glide.load.model.Headers$1	/tmp/projects/glide/library/src/main/java/com/bumptech/glide/load/model/Headers.java
com.bumptech.glide.load.model.LazyHeaderFactory	/tmp/projects/glide/library/src/main/java/com/bumptech/glide/load/model/LazyHeaderFactory.java
com.bumptech.glide.load.model.DataUrlLoader	/tmp/projects/glide/library/src/main/java/com/bumptech/glide/load/model/DataUrlLoader.java
com.bumptech.glide.load.model.DataUrlLoader$DataDecoder	/tmp/projects/glide/library/src/main/java/com/bumptech/glide/load/model/DataUrlLoader.java
com.bumptech.glide.load.model.DataUrlLoader$DataUriFetcher	/tmp/projects/glide/library/src/main/java/com/bumptech/glide/load/model/DataUrlLoader.java
com.bumptech.glide.load.model.DataUrlLoader$StreamFactory	/tmp/projects/glide/library/src/main/java/com/bumptech/glide/load/model/DataUrlLoader.java
com.bumptech.glide.load.model.DataUrlLoader$StreamFactory$1	/tmp/projects/glide/library/src/main/java/com/bumptech/glide/load/model/DataUrlLoader.java
com.bumptech.glide.load.model.UrlUriLoader	/tmp/projects/glide/library/src/main/java/com/bumptech/glide/load/model/UrlUriLoader.java
com.bumptech.glide.load.model.UrlUriLoader$StreamFactory	/tmp/projects/glide/library/src/main/java/com/bumptech/glide/load/model/UrlUriLoader.java
com.bumptech.glide.load.model.GlideUrl	/tmp/projects/glide/library/src/main/java/com/bumptech/glide/load/model/GlideUrl.java
com.bumptech.glide.load.model.ByteBufferFileLoader	/tmp/projects/glide/library/src/main/java/com/bumptech/glide/load/model/ByteBufferFileLoader.java
com.bumptech.glide.load.model.ByteBufferFileLoader$Factory	/tmp/projects/glide/library/src/main/java/com/bumptech/glide/load/model/ByteBufferFileLoader.java
com.bumptech.glide.load.model.ByteBufferFileLoader$ByteBufferFetcher	/tmp/projects/glide/library/src/main/java/com/bumptech/glide/load/model/ByteBufferFileLoader.java
com.bumptech.glide.load.model.Model	/tmp/projects/glide/library/src/main/java/com/bumptech/glide/load/model/Model.java
com.bumptech.glide.load.model.UnitModelLoader	/tmp/projects/glide/library/src/main/java/com/bumptech/glide/load/model/UnitModelLoader.java
com.bumptech.glide.load.model.UnitModelLoader$UnitFetcher	/tmp/projects/glide/library/src/main/java/com/bumptech/glide/load/model/UnitModelLoader.java
com.bumptech.glide.load.model.UnitModelLoader$Factory	/tmp/projects/glide/library/src/main/java/com/bumptech/glide/load/model/UnitModelLoader.java
com.bumptech.glide.load.model.UriLoader	/tmp/projects/glide/library/src/main/java/com/bumptech/glide/load/model/UriLoader.java
com.bumptech.glide.load.model.UriLoader$LocalUriFetcherFactory	/tmp/projects/glide/library/src/main/java/com/bumptech/glide/load/model/UriLoader.java
com.bumptech.glide.load.model.UriLoader$StreamFactory	/tmp/projects/glide/library/src/main/java/com/bumptech/glide/load/model/UriLoader.java
com.bumptech.glide.load.model.UriLoader$FileDescriptorFactory	/tmp/projects/glide/library/src/main/java/com/bumptech/glide/load/model/UriLoader.java
com.bumptech.glide.load.model.UriLoader$AssetFileDescriptorFactory	/tmp/projects/glide/library/src/main/java/com/bumptech/glide/load/model/UriLoader.java
com.bumptech.glide.load.model.MediaStoreFileLoader	/tmp/projects/glide/library/src/main/java/com/bumptech/glide/load/model/MediaStoreFileLoader.java
com.bumptech.glide.load.model.MediaStoreFileLoader$FilePathFetcher	/tmp/projects/glide/library/src/main/java/com/bumptech/glide/load/model/MediaStoreFileLoader.java
com.bumptech.glide.load.model.MediaStoreFileLoader$Factory	/tmp/projects/glide/library/src/main/java/com/bumptech/glide/load/model/MediaStoreFileLoader.java
com.bumptech.glide.load.model.ResourceLoader	/tmp/projects/glide/library/src/main/java/com/bumptech/glide/load/model/ResourceLoader.java
com.bumptech.glide.load.model.ResourceLoader$StreamFactory	/tmp/projects/glide/library/src/main/java/com/bumptech/glide/load/model/ResourceLoader.java
com.bumptech.glide.load.model.ResourceLoader$FileDescriptorFactory	/tmp/projects/glide/library/src/main/java/com/bumptech/glide/load/model/ResourceLoader.java
com.bumptech.glide.load.model.ResourceLoader$AssetFileDescriptorFactory	/tmp/projects/glide/library/src/main/java/com/bumptech/glide/load/model/ResourceLoader.java
com.bumptech.glide.load.model.ResourceLoader$UriFactory	/tmp/projects/glide/library/src/main/java/com/bumptech/glide/load/model/ResourceLoader.java
com.bumptech.glide.load.model.ByteBufferEncoder	/tmp/projects/glide/library/src/main/java/com/bumptech/glide/load/model/ByteBufferEncoder.java
com.bumptech.glide.load.model.AssetUriLoader	/tmp/projects/glide/library/src/main/java/com/bumptech/glide/load/model/AssetUriLoader.java
com.bumptech.glide.load.model.AssetUriLoader$AssetFetcherFactory	/tmp/projects/glide/library/src/main/java/com/bumptech/glide/load/model/AssetUriLoader.java
com.bumptech.glide.load.model.AssetUriLoader$StreamFactory	/tmp/projects/glide/library/src/main/java/com/bumptech/glide/load/model/AssetUriLoader.java
com.bumptech.glide.load.model.AssetUriLoader$FileDescriptorFactory	/tmp/projects/glide/library/src/main/java/com/bumptech/glide/load/model/AssetUriLoader.java
com.bumptech.glide.load.model.stream.UrlLoader	/tmp/projects/glide/library/src/main/java/com/bumptech/glide/load/model/stream/UrlLoader.java
com.bumptech.glide.load.model.stream.UrlLoader$StreamFactory	/tmp/projects/glide/library/src/main/java/com/bumptech/glide/load/model/stream/UrlLoader.java
com.bumptech.glide.load.model.stream.BaseGlideUrlLoader	/tmp/projects/glide/library/src/main/java/com/bumptech/glide/load/model/stream/BaseGlideUrlLoader.java
com.bumptech.glide.load.model.ModelCache	/tmp/projects/glide/library/src/main/java/com/bumptech/glide/load/model/ModelCache.java
com.bumptech.glide.load.model.ModelCache$1	/tmp/projects/glide/library/src/main/java/com/bumptech/glide/load/model/ModelCache.java
com.bumptech.glide.load.model.ModelCache$ModelKey	/tmp/projects/glide/library/src/main/java/com/bumptech/glide/load/model/ModelCache.java
com.bumptech.glide.load.model.stream.QMediaStoreUriLoader	/tmp/projects/glide/library/src/main/java/com/bumptech/glide/load/model/stream/QMediaStoreUriLoader.java
com.bumptech.glide.load.model.stream.QMediaStoreUriLoader$QMediaStoreUriFetcher	/tmp/projects/glide/library/src/main/java/com/bumptech/glide/load/model/stream/QMediaStoreUriLoader.java
com.bumptech.glide.load.model.stream.QMediaStoreUriLoader$InputStreamFactory	/tmp/projects/glide/library/src/main/java/com/bumptech/glide/load/model/stream/QMediaStoreUriLoader.java
com.bumptech.glide.load.model.stream.QMediaStoreUriLoader$FileDescriptorFactory	/tmp/projects/glide/library/src/main/java/com/bumptech/glide/load/model/stream/QMediaStoreUriLoader.java
com.bumptech.glide.load.model.stream.QMediaStoreUriLoader$Factory	/tmp/projects/glide/library/src/main/java/com/bumptech/glide/load/model/stream/QMediaStoreUriLoader.java
com.bumptech.glide.load.model.stream.MediaStoreImageThumbLoader	/tmp/projects/glide/library/src/main/java/com/bumptech/glide/load/model/stream/MediaStoreImageThumbLoader.java
com.bumptech.glide.load.model.stream.MediaStoreImageThumbLoader$Factory	/tmp/projects/glide/library/src/main/java/com/bumptech/glide/load/model/stream/MediaStoreImageThumbLoader.java
com.bumptech.glide.load.model.stream.HttpUriLoader	/tmp/projects/glide/library/src/main/java/com/bumptech/glide/load/model/stream/HttpUriLoader.java
com.bumptech.glide.load.model.stream.HttpUriLoader$Factory	/tmp/projects/glide/library/src/main/java/com/bumptech/glide/load/model/stream/HttpUriLoader.java
com.bumptech.glide.load.model.stream.HttpGlideUrlLoader	/tmp/projects/glide/library/src/main/java/com/bumptech/glide/load/model/stream/HttpGlideUrlLoader.java
com.bumptech.glide.load.model.stream.HttpGlideUrlLoader$Factory	/tmp/projects/glide/library/src/main/java/com/bumptech/glide/load/model/stream/HttpGlideUrlLoader.java
com.bumptech.glide.load.model.stream.MediaStoreVideoThumbLoader	/tmp/projects/glide/library/src/main/java/com/bumptech/glide/load/model/stream/MediaStoreVideoThumbLoader.java
com.bumptech.glide.load.model.stream.MediaStoreVideoThumbLoader$Factory	/tmp/projects/glide/library/src/main/java/com/bumptech/glide/load/model/stream/MediaStoreVideoThumbLoader.java
com.bumptech.glide.load.model.StringLoader	/tmp/projects/glide/library/src/main/java/com/bumptech/glide/load/model/StringLoader.java
com.bumptech.glide.load.model.StringLoader$StreamFactory	/tmp/projects/glide/library/src/main/java/com/bumptech/glide/load/model/StringLoader.java
com.bumptech.glide.load.model.StringLoader$FileDescriptorFactory	/tmp/projects/glide/library/src/main/java/com/bumptech/glide/load/model/StringLoader.java
com.bumptech.glide.load.model.StringLoader$AssetFileDescriptorFactory	/tmp/projects/glide/library/src/main/java/com/bumptech/glide/load/model/StringLoader.java
com.bumptech.glide.load.resource.gif.GifFrameResourceDecoder	/tmp/projects/glide/library/src/main/java/com/bumptech/glide/load/resource/gif/GifFrameResourceDecoder.java
com.bumptech.glide.load.resource.gif.GifDrawableResource	/tmp/projects/glide/library/src/main/java/com/bumptech/glide/load/resource/gif/GifDrawableResource.java
com.bumptech.glide.load.resource.drawable.DrawableResource	/tmp/projects/glide/library/src/main/java/com/bumptech/glide/load/resource/drawable/DrawableResource.java
com.bumptech.glide.load.resource.gif.GifDrawableEncoder	/tmp/projects/glide/library/src/main/java/com/bumptech/glide/load/resource/gif/GifDrawableEncoder.java
com.bumptech.glide.load.resource.gif.ByteBufferGifDecoder	/tmp/projects/glide/library/src/main/java/com/bumptech/glide/load/resource/gif/ByteBufferGifDecoder.java
com.bumptech.glide.load.resource.gif.ByteBufferGifDecoder$GifDecoderFactory	/tmp/projects/glide/library/src/main/java/com/bumptech/glide/load/resource/gif/ByteBufferGifDecoder.java
com.bumptech.glide.load.resource.gif.ByteBufferGifDecoder$GifHeaderParserPool	/tmp/projects/glide/library/src/main/java/com/bumptech/glide/load/resource/gif/ByteBufferGifDecoder.java
com.bumptech.glide.load.resource.gif.GifBitmapProvider	/tmp/projects/glide/library/src/main/java/com/bumptech/glide/load/resource/gif/GifBitmapProvider.java
com.bumptech.glide.load.resource.gif.GifOptions	/tmp/projects/glide/library/src/main/java/com/bumptech/glide/load/resource/gif/GifOptions.java
com.bumptech.glide.load.resource.gif.StreamGifDecoder	/tmp/projects/glide/library/src/main/java/com/bumptech/glide/load/resource/gif/StreamGifDecoder.java
com.bumptech.glide.load.resource.gif.GifDrawableTransformation	/tmp/projects/glide/library/src/main/java/com/bumptech/glide/load/resource/gif/GifDrawableTransformation.java
com.bumptech.glide.load.resource.DefaultOnHeaderDecodedListener	/tmp/projects/glide/library/src/main/java/com/bumptech/glide/load/resource/DefaultOnHeaderDecodedListener.java
com.bumptech.glide.load.resource.DefaultOnHeaderDecodedListener$1	/tmp/projects/glide/library/src/main/java/com/bumptech/glide/load/resource/DefaultOnHeaderDecodedListener.java
com.bumptech.glide.load.resource.bitmap.HardwareConfigState	/tmp/projects/glide/library/src/main/java/com/bumptech/glide/load/resource/bitmap/HardwareConfigState.java
com.bumptech.glide.load.resource.file.FileResource	/tmp/projects/glide/library/src/main/java/com/bumptech/glide/load/resource/file/FileResource.java
com.bumptech.glide.load.resource.SimpleResource	/tmp/projects/glide/library/src/main/java/com/bumptech/glide/load/resource/SimpleResource.java
com.bumptech.glide.load.resource.file.FileDecoder	/tmp/projects/glide/library/src/main/java/com/bumptech/glide/load/resource/file/FileDecoder.java
com.bumptech.glide.load.resource.drawable.AnimatedWebpDecoder	/tmp/projects/glide/library/src/main/java/com/bumptech/glide/load/resource/drawable/AnimatedWebpDecoder.java
com.bumptech.glide.load.resource.drawable.AnimatedWebpDecoder$AnimatedImageDrawableResource	/tmp/projects/glide/library/src/main/java/com/bumptech/glide/load/resource/drawable/AnimatedWebpDecoder.java
com.bumptech.glide.load.resource.drawable.AnimatedWebpDecoder$StreamAnimatedWebpDecoder	/tmp/projects/glide/library/src/main/java/com/bumptech/glide/load/resource/drawable/AnimatedWebpDecoder.java
com.bumptech.glide.load.resource.drawable.AnimatedWebpDecoder$ByteBufferAnimatedWebpDecoder	/tmp/projects/glide/library/src/main/java/com/bumptech/glide/load/resource/drawable/AnimatedWebpDecoder.java
com.bumptech.glide.load.resource.drawable.ResourceDrawableDecoder	/tmp/projects/glide/library/src/main/java/com/bumptech/glide/load/resource/drawable/ResourceDrawableDecoder.java
com.bumptech.glide.load.resource.drawable.NonOwnedDrawableResource	/tmp/projects/glide/library/src/main/java/com/bumptech/glide/load/resource/drawable/NonOwnedDrawableResource.java
com.bumptech.glide.load.resource.drawable.UnitDrawableDecoder	/tmp/projects/glide/library/src/main/java/com/bumptech/glide/load/resource/drawable/UnitDrawableDecoder.java
com.bumptech.glide.load.resource.drawable.DrawableTransitionOptions	/tmp/projects/glide/library/src/main/java/com/bumptech/glide/load/resource/drawable/DrawableTransitionOptions.java
com.bumptech.glide.load.resource.drawable.DrawableDecoderCompat	/tmp/projects/glide/library/src/main/java/com/bumptech/glide/load/resource/drawable/DrawableDecoderCompat.java
com.bumptech.glide.load.resource.transcode.BitmapDrawableTranscoder	/tmp/projects/glide/library/src/main/java/com/bumptech/glide/load/resource/transcode/BitmapDrawableTranscoder.java
com.bumptech.glide.load.resource.transcode.BitmapBytesTranscoder	/tmp/projects/glide/library/src/main/java/com/bumptech/glide/load/resource/transcode/BitmapBytesTranscoder.java
com.bumptech.glide.load.resource.transcode.DrawableBytesTranscoder	/tmp/projects/glide/library/src/main/java/com/bumptech/glide/load/resource/transcode/DrawableBytesTranscoder.java
com.bumptech.glide.load.resource.transcode.UnitTranscoder	/tmp/projects/glide/library/src/main/java/com/bumptech/glide/load/resource/transcode/UnitTranscoder.java
com.bumptech.glide.load.resource.transcode.GifDrawableBytesTranscoder	/tmp/projects/glide/library/src/main/java/com/bumptech/glide/load/resource/transcode/GifDrawableBytesTranscoder.java
com.bumptech.glide.load.resource.bitmap.BitmapEncoder	/tmp/projects/glide/library/src/main/java/com/bumptech/glide/load/resource/bitmap/BitmapEncoder.java
com.bumptech.glide.load.resource.bitmap.CenterCrop	/tmp/projects/glide/library/src/main/java/com/bumptech/glide/load/resource/bitmap/CenterCrop.java
com.bumptech.glide.load.resource.bitmap.BitmapTransformation	/tmp/projects/glide/library/src/main/java/com/bumptech/glide/load/resource/bitmap/BitmapTransformation.java
com.bumptech.glide.load.resource.bitmap.ByteBufferBitmapDecoder	/tmp/projects/glide/library/src/main/java/com/bumptech/glide/load/resource/bitmap/ByteBufferBitmapDecoder.java
com.bumptech.glide.load.resource.bitmap.Downsampler	/tmp/projects/glide/library/src/main/java/com/bumptech/glide/load/resource/bitmap/Downsampler.java
com.bumptech.glide.load.resource.bitmap.Downsampler$1	/tmp/projects/glide/library/src/main/java/com/bumptech/glide/load/resource/bitmap/Downsampler.java
com.bumptech.glide.load.resource.bitmap.Downsampler$DecodeCallbacks	/tmp/projects/glide/library/src/main/java/com/bumptech/glide/load/resource/bitmap/Downsampler.java
com.bumptech.glide.load.resource.bitmap.ImageReader	/tmp/projects/glide/library/src/main/java/com/bumptech/glide/load/resource/bitmap/ImageReader.java
com.bumptech.glide.load.resource.bitmap.ImageReader$ByteArrayReader	/tmp/projects/glide/library/src/main/java/com/bumptech/glide/load/resource/bitmap/ImageReader.java
com.bumptech.glide.load.resource.bitmap.ImageReader$FileReader	/tmp/projects/glide/library/src/main/java/com/bumptech/glide/load/resource/bitmap/ImageReader.java
com.bumptech.glide.load.resource.bitmap.ImageReader$ByteBufferReader	/tmp/projects/glide/library/src/main/java/com/bumptech/glide/load/resource/bitmap/ImageReader.java
com.bumptech.glide.load.resource.bitmap.ImageReader$InputStreamImageReader	/tmp/projects/glide/library/src/main/java/com/bumptech/glide/load/resource/bitmap/ImageReader.java
com.bumptech.glide.load.resource.bitmap.ImageReader$ParcelFileDescriptorImageReader	/tmp/projects/glide/library/src/main/java/com/bumptech/glide/load/resource/bitmap/ImageReader.java
com.bumptech.glide.load.resource.bitmap.DrawableTransformation	/tmp/projects/glide/library/src/main/java/com/bumptech/glide/load/resource/bitmap/DrawableTransformation.java
com.bumptech.glide.load.resource.bitmap.StreamBitmapDecoder	/tmp/projects/glide/library/src/main/java/com/bumptech/glide/load/resource/bitmap/StreamBitmapDecoder.java
com.bumptech.glide.load.resource.bitmap.StreamBitmapDecoder$UntrustedCallbacks	/tmp/projects/glide/library/src/main/java/com/bumptech/glide/load/resource/bitmap/StreamBitmapDecoder.java
com.bumptech.glide.load.resource.bitmap.RecyclableBufferedInputStream	/tmp/projects/glide/library/src/main/java/com/bumptech/glide/load/resource/bitmap/RecyclableBufferedInputStream.java
com.bumptech.glide.load.resource.bitmap.RecyclableBufferedInputStream$InvalidMarkException	/tmp/projects/glide/library/src/main/java/com/bumptech/glide/load/resource/bitmap/RecyclableBufferedInputStream.java
com.bumptech.glide.load.resource.bitmap.BitmapDrawableEncoder	/tmp/projects/glide/library/src/main/java/com/bumptech/glide/load/resource/bitmap/BitmapDrawableEncoder.java
com.bumptech.glide.load.resource.bitmap.BitmapImageDecoderResourceDecoder	/tmp/projects/glide/library/src/main/java/com/bumptech/glide/load/resource/bitmap/BitmapImageDecoderResourceDecoder.java
com.bumptech.glide.load.resource.bitmap.RoundedCorners	/tmp/projects/glide/library/src/main/java/com/bumptech/glide/load/resource/bitmap/RoundedCorners.java
com.bumptech.glide.load.resource.bitmap.BitmapDrawableDecoder	/tmp/projects/glide/library/src/main/java/com/bumptech/glide/load/resource/bitmap/BitmapDrawableDecoder.java
com.bumptech.glide.load.resource.bitmap.ResourceBitmapDecoder	/tmp/projects/glide/library/src/main/java/com/bumptech/glide/load/resource/bitmap/ResourceBitmapDecoder.java
com.bumptech.glide.load.resource.bitmap.CircleCrop	/tmp/projects/glide/library/src/main/java/com/bumptech/glide/load/resource/bitmap/CircleCrop.java
com.bumptech.glide.load.resource.bitmap.DefaultImageHeaderParser	/tmp/projects/glide/library/src/main/java/com/bumptech/glide/load/resource/bitmap/DefaultImageHeaderParser.java
com.bumptech.glide.load.resource.bitmap.DefaultImageHeaderParser$RandomAccessReader	/tmp/projects/glide/library/src/main/java/com/bumptech/glide/load/resource/bitmap/DefaultImageHeaderParser.java
com.bumptech.glide.load.resource.bitmap.DefaultImageHeaderParser$Reader	/tmp/projects/glide/library/src/main/java/com/bumptech/glide/load/resource/bitmap/DefaultImageHeaderParser.java
com.bumptech.glide.load.resource.bitmap.DefaultImageHeaderParser$Reader$EndOfFileException	/tmp/projects/glide/library/src/main/java/com/bumptech/glide/load/resource/bitmap/DefaultImageHeaderParser.java
com.bumptech.glide.load.resource.bitmap.DefaultImageHeaderParser$ByteBufferReader	/tmp/projects/glide/library/src/main/java/com/bumptech/glide/load/resource/bitmap/DefaultImageHeaderParser.java
com.bumptech.glide.load.resource.bitmap.DefaultImageHeaderParser$StreamReader	/tmp/projects/glide/library/src/main/java/com/bumptech/glide/load/resource/bitmap/DefaultImageHeaderParser.java
com.bumptech.glide.load.resource.bitmap.BitmapTransitionOptions	/tmp/projects/glide/library/src/main/java/com/bumptech/glide/load/resource/bitmap/BitmapTransitionOptions.java
com.bumptech.glide.load.resource.bitmap.GranularRoundedCorners	/tmp/projects/glide/library/src/main/java/com/bumptech/glide/load/resource/bitmap/GranularRoundedCorners.java
com.bumptech.glide.load.resource.bitmap.ParcelFileDescriptorBitmapDecoder	/tmp/projects/glide/library/src/main/java/com/bumptech/glide/load/resource/bitmap/ParcelFileDescriptorBitmapDecoder.java
com.bumptech.glide.load.resource.bitmap.FitCenter	/tmp/projects/glide/library/src/main/java/com/bumptech/glide/load/resource/bitmap/FitCenter.java
com.bumptech.glide.load.resource.bitmap.BitmapDrawableResource	/tmp/projects/glide/library/src/main/java/com/bumptech/glide/load/resource/bitmap/BitmapDrawableResource.java
com.bumptech.glide.load.resource.bitmap.TransformationUtils	/tmp/projects/glide/library/src/main/java/com/bumptech/glide/load/resource/bitmap/TransformationUtils.java
com.bumptech.glide.load.resource.bitmap.TransformationUtils$1	/tmp/projects/glide/library/src/main/java/com/bumptech/glide/load/resource/bitmap/TransformationUtils.java
com.bumptech.glide.load.resource.bitmap.TransformationUtils$2	/tmp/projects/glide/library/src/main/java/com/bumptech/glide/load/resource/bitmap/TransformationUtils.java
com.bumptech.glide.load.resource.bitmap.TransformationUtils$DrawRoundedCornerFn	/tmp/projects/glide/library/src/main/java/com/bumptech/glide/load/resource/bitmap/TransformationUtils.java
com.bumptech.glide.load.resource.bitmap.TransformationUtils$NoLock	/tmp/projects/glide/library/src/main/java/com/bumptech/glide/load/resource/bitmap/TransformationUtils.java
com.bumptech.glide.load.resource.bitmap.VideoDecoder	/tmp/projects/glide/library/src/main/java/com/bumptech/glide/load/resource/bitmap/VideoDecoder.java
com.bumptech.glide.load.resource.bitmap.VideoDecoder$1	/tmp/projects/glide/library/src/main/java/com/bumptech/glide/load/resource/bitmap/VideoDecoder.java
com.bumptech.glide.load.resource.bitmap.VideoDecoder$2	/tmp/projects/glide/library/src/main/java/com/bumptech/glide/load/resource/bitmap/VideoDecoder.java
com.bumptech.glide.load.resource.bitmap.VideoDecoder$MediaMetadataRetrieverFactory	/tmp/projects/glide/library/src/main/java/com/bumptech/glide/load/resource/bitmap/VideoDecoder.java
com.bumptech.glide.load.resource.bitmap.VideoDecoder$MediaMetadataRetrieverInitializer	/tmp/projects/glide/library/src/main/java/com/bumptech/glide/load/resource/bitmap/VideoDecoder.java
com.bumptech.glide.load.resource.bitmap.VideoDecoder$AssetFileDescriptorInitializer	/tmp/projects/glide/library/src/main/java/com/bumptech/glide/load/resource/bitmap/VideoDecoder.java
com.bumptech.glide.load.resource.bitmap.VideoDecoder$ParcelFileDescriptorInitializer	/tmp/projects/glide/library/src/main/java/com/bumptech/glide/load/resource/bitmap/VideoDecoder.java
com.bumptech.glide.load.resource.bitmap.VideoDecoder$ByteBufferInitializer	/tmp/projects/glide/library/src/main/java/com/bumptech/glide/load/resource/bitmap/VideoDecoder.java
com.bumptech.glide.load.resource.bitmap.VideoDecoder$ByteBufferInitializer$1	/tmp/projects/glide/library/src/main/java/com/bumptech/glide/load/resource/bitmap/VideoDecoder.java
com.bumptech.glide.load.resource.bitmap.VideoDecoder$VideoDecoderException	/tmp/projects/glide/library/src/main/java/com/bumptech/glide/load/resource/bitmap/VideoDecoder.java
com.bumptech.glide.load.resource.bitmap.BitmapResource	/tmp/projects/glide/library/src/main/java/com/bumptech/glide/load/resource/bitmap/BitmapResource.java
com.bumptech.glide.load.resource.bitmap.CenterInside	/tmp/projects/glide/library/src/main/java/com/bumptech/glide/load/resource/bitmap/CenterInside.java
com.bumptech.glide.load.resource.bitmap.Rotate	/tmp/projects/glide/library/src/main/java/com/bumptech/glide/load/resource/bitmap/Rotate.java
com.bumptech.glide.load.resource.bitmap.ByteBufferBitmapImageDecoderResourceDecoder	/tmp/projects/glide/library/src/main/java/com/bumptech/glide/load/resource/bitmap/ByteBufferBitmapImageDecoderResourceDecoder.java
com.bumptech.glide.load.data.InputStreamRewinder	/tmp/projects/glide/library/src/main/java/com/bumptech/glide/load/data/InputStreamRewinder.java
com.bumptech.glide.load.data.InputStreamRewinder$Factory	/tmp/projects/glide/library/src/main/java/com/bumptech/glide/load/data/InputStreamRewinder.java
com.bumptech.glide.load.resource.bitmap.VideoBitmapDecoder	/tmp/projects/glide/library/src/main/java/com/bumptech/glide/load/resource/bitmap/VideoBitmapDecoder.java
com.bumptech.glide.load.resource.bitmap.BitmapDrawableTransformation	/tmp/projects/glide/library/src/main/java/com/bumptech/glide/load/resource/bitmap/BitmapDrawableTransformation.java
com.bumptech.glide.load.resource.bitmap.ExifInterfaceImageHeaderParser	/tmp/projects/glide/library/src/main/java/com/bumptech/glide/load/resource/bitmap/ExifInterfaceImageHeaderParser.java
com.bumptech.glide.load.resource.bitmap.LazyBitmapDrawableResource	/tmp/projects/glide/library/src/main/java/com/bumptech/glide/load/resource/bitmap/LazyBitmapDrawableResource.java
com.bumptech.glide.load.resource.bitmap.UnitBitmapDecoder	/tmp/projects/glide/library/src/main/java/com/bumptech/glide/load/resource/bitmap/UnitBitmapDecoder.java
com.bumptech.glide.load.resource.bitmap.UnitBitmapDecoder$NonOwnedBitmapResource	/tmp/projects/glide/library/src/main/java/com/bumptech/glide/load/resource/bitmap/UnitBitmapDecoder.java
com.bumptech.glide.load.resource.bitmap.DrawableToBitmapConverter	/tmp/projects/glide/library/src/main/java/com/bumptech/glide/load/resource/bitmap/DrawableToBitmapConverter.java
com.bumptech.glide.load.resource.bitmap.DrawableToBitmapConverter$1	/tmp/projects/glide/library/src/main/java/com/bumptech/glide/load/resource/bitmap/DrawableToBitmapConverter.java
com.bumptech.glide.load.resource.bitmap.InputStreamBitmapImageDecoderResourceDecoder	/tmp/projects/glide/library/src/main/java/com/bumptech/glide/load/resource/bitmap/InputStreamBitmapImageDecoderResourceDecoder.java
com.bumptech.glide.load.resource.UnitTransformation	/tmp/projects/glide/library/src/main/java/com/bumptech/glide/load/resource/UnitTransformation.java
com.bumptech.glide.load.resource.bytes.BytesResource	/tmp/projects/glide/library/src/main/java/com/bumptech/glide/load/resource/bytes/BytesResource.java
com.bumptech.glide.load.resource.bytes.ByteBufferRewinder	/tmp/projects/glide/library/src/main/java/com/bumptech/glide/load/resource/bytes/ByteBufferRewinder.java
com.bumptech.glide.load.resource.bytes.ByteBufferRewinder$Factory	/tmp/projects/glide/library/src/main/java/com/bumptech/glide/load/resource/bytes/ByteBufferRewinder.java
com.bumptech.glide.load.data.LocalUriFetcher	/tmp/projects/glide/library/src/main/java/com/bumptech/glide/load/data/LocalUriFetcher.java
com.bumptech.glide.load.data.FileDescriptorLocalUriFetcher	/tmp/projects/glide/library/src/main/java/com/bumptech/glide/load/data/FileDescriptorLocalUriFetcher.java
com.bumptech.glide.load.data.BufferedOutputStream	/tmp/projects/glide/library/src/main/java/com/bumptech/glide/load/data/BufferedOutputStream.java
com.bumptech.glide.load.data.ExifOrientationStream	/tmp/projects/glide/library/src/main/java/com/bumptech/glide/load/data/ExifOrientationStream.java
com.bumptech.glide.load.data.AssetFileDescriptorLocalUriFetcher	/tmp/projects/glide/library/src/main/java/com/bumptech/glide/load/data/AssetFileDescriptorLocalUriFetcher.java
com.bumptech.glide.load.data.StreamAssetPathFetcher	/tmp/projects/glide/library/src/main/java/com/bumptech/glide/load/data/StreamAssetPathFetcher.java
com.bumptech.glide.load.data.AssetPathFetcher	/tmp/projects/glide/library/src/main/java/com/bumptech/glide/load/data/AssetPathFetcher.java
com.bumptech.glide.load.data.FileDescriptorAssetPathFetcher	/tmp/projects/glide/library/src/main/java/com/bumptech/glide/load/data/FileDescriptorAssetPathFetcher.java
com.bumptech.glide.load.data.HttpUrlFetcher	/tmp/projects/glide/library/src/main/java/com/bumptech/glide/load/data/HttpUrlFetcher.java
com.bumptech.glide.load.data.HttpUrlFetcher$HttpUrlConnectionFactory	/tmp/projects/glide/library/src/main/java/com/bumptech/glide/load/data/HttpUrlFetcher.java
com.bumptech.glide.load.data.HttpUrlFetcher$DefaultHttpUrlConnectionFactory	/tmp/projects/glide/library/src/main/java/com/bumptech/glide/load/data/HttpUrlFetcher.java
com.bumptech.glide.load.data.mediastore.ThumbFetcher	/tmp/projects/glide/library/src/main/java/com/bumptech/glide/load/data/mediastore/ThumbFetcher.java
com.bumptech.glide.load.data.mediastore.ThumbFetcher$VideoThumbnailQuery	/tmp/projects/glide/library/src/main/java/com/bumptech/glide/load/data/mediastore/ThumbFetcher.java
com.bumptech.glide.load.data.mediastore.ThumbFetcher$ImageThumbnailQuery	/tmp/projects/glide/library/src/main/java/com/bumptech/glide/load/data/mediastore/ThumbFetcher.java
com.bumptech.glide.load.data.mediastore.ThumbnailStreamOpener	/tmp/projects/glide/library/src/main/java/com/bumptech/glide/load/data/mediastore/ThumbnailStreamOpener.java
com.bumptech.glide.load.data.mediastore.ThumbnailQuery	/tmp/projects/glide/library/src/main/java/com/bumptech/glide/load/data/mediastore/ThumbnailQuery.java
com.bumptech.glide.load.data.mediastore.FileService	/tmp/projects/glide/library/src/main/java/com/bumptech/glide/load/data/mediastore/FileService.java
com.bumptech.glide.load.data.mediastore.MediaStoreUtil	/tmp/projects/glide/library/src/main/java/com/bumptech/glide/load/data/mediastore/MediaStoreUtil.java
com.bumptech.glide.load.data.StreamLocalUriFetcher	/tmp/projects/glide/library/src/main/java/com/bumptech/glide/load/data/StreamLocalUriFetcher.java
com.bumptech.glide.RegistryFactory	/tmp/projects/glide/library/src/main/java/com/bumptech/glide/RegistryFactory.java
com.bumptech.glide.RegistryFactory$1	/tmp/projects/glide/library/src/main/java/com/bumptech/glide/RegistryFactory.java
com.bumptech.glide.GenericTransitionOptions	/tmp/projects/glide/library/src/main/java/com/bumptech/glide/GenericTransitionOptions.java
